ticker,name,currency,exchange,industry,environment_grade,environment_level,social_grade,social_level,governance_grade,governance_level,environment_score,social_score,governance_score,total_score,total_grade,total_level,cik
dis,Walt Disney Co,USD,"NEW YORK STOCK EXCHANGE, INC.",Media,BB,Medium,AA,Medium,BBB,Low,299,307,248,1528,BBB,High,80420
gm,General Motors Co,USD,"NEW YORK STOCK EXCHANGE, INC.",Automobiles,B,Excellent,BB,Excellent,C,Low,270,313,348,1126,B,High,927003
gww,WW Grainger Inc,USD,"NEW YORK STOCK EXCHANGE, INC.",Trading Companies and Distributors,BB,Medium,AA,Medium,C,High,350,231,321,897,A,High,1725255
mhk,Mohawk Industries Inc,USD,"NEW YORK STOCK EXCHANGE, INC.",Consumer products,BBB,Excellent,BB,Low,B,Medium,242,219,223,914,BBB,High,1467373
lyv,Live Nation Entertainment Inc,USD,"NEW YORK STOCK EXCHANGE, INC.",Media,BB,High,BBB,Excellent,BBB,Medium,558,394,240,654,BBB,High,1385157
lvs,Las Vegas Sands Corp,USD,"NEW YORK STOCK EXCHANGE, INC.",Hotels Restaurants and Leisure,B,High,BB,Low,B,Low,668,259,355,1067,A,High,20286
clx,Clorox Co,USD,"NEW YORK STOCK EXCHANGE, INC.",Consumer products,BBB,Medium,B,High,BB,Low,363,360,285,1009,BB,High,1324424
aacg,ATA Creativity Global,CNY,NASDAQ NMS - GLOBAL MARKET,Diversified Consumer Services,BB,Excellent,B,High,C,High,492,253,255,759,BBB,High,1159036
aal,American Airlines Group Inc,USD,NASDAQ NMS - GLOBAL MARKET,Airlines,BBB,Medium,B,High,BBB,Low,238,324,358,1007,BB,High,1300514
aame,Atlantic American Corp,USD,NASDAQ NMS - GLOBAL MARKET,Insurance,B,Excellent,A,Medium,BB,High,275,395,400,812,BB,Medium,1158449
aaoi,Applied Optoelectronics Inc,USD,NASDAQ NMS - GLOBAL MARKET,Communications,B,Excellent,CCC,Medium,BBB,Medium,231,350,385,899,A,High,1436425
aaon,Aaon Inc,USD,NASDAQ NMS - GLOBAL MARKET,Building,B,High,CCC,Low,B,Low,292,438,250,982,BB,Medium,874292
aapl,Apple Inc,USD,NASDAQ NMS - GLOBAL MARKET,Technology,BBB,Excellent,AA,Low,B,High,492,379,294,1050,A,Medium,1766400
aaww,Atlas Air Worldwide Holdings Inc,USD,NASDAQ NMS - GLOBAL MARKET,Logistics and Transportation,BB,Medium,CCC,High,BB,High,371,224,321,651,BB,High,1120193
aadi,Aadi Bioscience Inc,USD,NASDAQ NMS - GLOBAL MARKET,Biotechnology,A,Medium,B,Medium,B,Medium,345,288,358,679,BB,High,1037038
abeo,Abeona Therapeutics Inc,USD,NASDAQ NMS - GLOBAL MARKET,Biotechnology,AA,Medium,BBB,Low,C,Medium,360,203,233,606,BB,Medium,899689
abnb,Airbnb Inc,USD,NASDAQ NMS - GLOBAL MARKET,Hotels Restaurants and Leisure,AA,Medium,B,Low,BB,Low,583,362,365,820,BB,Medium,910606
abio,ARCA Biopharma Inc,USD,NASDAQ NMS - GLOBAL MARKET,Biotechnology,BB,High,BBB,Low,BB,High,490,217,233,908,BBB,Medium,1287098
abmd,ABIOMED Inc,USD,NASDAQ NMS - GLOBAL MARKET,Health Care,A,High,AA,Medium,BBB,Medium,518,225,240,717,BBB,Medium,58492
abos,Acumen Pharmaceuticals Inc,USD,NASDAQ NMS - GLOBAL MARKET,Biotechnology,BBB,High,B,Excellent,BB,Low,360,331,245,1074,B,High,1002910
absi,Absci Corp,USD,NASDAQ NMS - GLOBAL MARKET,Life Sciences Tools and Services,BBB,Excellent,BBB,Low,B,Low,719,283,245,1123,BB,High,947484
abtx,Allegiance Bancshares Inc,USD,NASDAQ NMS - GLOBAL MARKET,Banking,BBB,Excellent,AA,High,BB,High,278,328,260,676,BBB,High,82020
abus,Arbutus Biopharma Corp,USD,NASDAQ NMS - GLOBAL MARKET,Biotechnology,AA,Excellent,BBB,Low,BBB,Medium,579,244,347,722,B,Medium,35527
abvc,ABVC Biopharma Inc,USD,NASDAQ NMS - GLOBAL MARKET,Biotechnology,AA,Excellent,BBB,Excellent,BBB,Low,374,322,215,1166,BB,High,811156
acad,ACADIA Pharmaceuticals Inc,USD,NASDAQ NMS - GLOBAL MARKET,Biotechnology,A,Medium,BBB,Medium,BBB,Low,374,340,320,666,B,High,883945
accd,Accolade Inc,USD,NASDAQ NMS - GLOBAL MARKET,Health Care,B,High,CCC,Excellent,BBB,Medium,205,244,358,775,BB,Medium,900075
acet,Adicet Bio Inc,USD,NASDAQ NMS - GLOBAL MARKET,Biotechnology,B,Medium,A,Medium,C,Medium,247,226,364,1067,A,Medium,1413447
abcl,Abcellera Biologics Inc,USD,NASDAQ NMS - GLOBAL MARKET,Life Sciences Tools and Services,BB,High,BBB,Medium,BBB,Low,292,364,259,1135,B,High,4127
abcb,Ameris Bancorp,USD,NASDAQ NMS - GLOBAL MARKET,Banking,B,High,AA,Excellent,BB,High,575,364,250,709,B,High,73124
acev,ACE Convergence Acquisition Corp,USD,NASDAQ NMS - GLOBAL MARKET,N/A,B,Excellent,BBB,Excellent,BB,High,218,204,265,1022,BB,Medium,753308
achl,Achilles Therapeutics PLC,USD,NASDAQ NMS - GLOBAL MARKET,Biotechnology,A,Excellent,BB,High,C,High,489,308,375,1000,BB,Medium,1097149
achc,Acadia Healthcare Company Inc,USD,NASDAQ NMS - GLOBAL MARKET,Health Care,BB,Excellent,AA,Low,B,High,515,227,330,1183,B,High,916365
aciw,ACI Worldwide Inc,USD,NASDAQ NMS - GLOBAL MARKET,Technology,AA,Medium,B,Excellent,BBB,High,221,304,220,1115,BBB,Medium,895421
acls,Axcelis Technologies Inc,USD,NASDAQ NMS - GLOBAL MARKET,Semiconductors,BBB,High,BBB,High,C,Low,400,394,230,961,A,High,1045810
aciu,AC Immune SA,CHF,NASDAQ NMS - GLOBAL MARKET,Biotechnology,BBB,Excellent,AA,Excellent,BBB,Medium,265,358,345,680,B,Medium,886982
achv,Achieve Life Sciences Inc,USD,NASDAQ NMS - GLOBAL MARKET,Biotechnology,AA,Medium,BBB,High,B,Medium,433,395,75,640,A,High,1466258
acmr,ACM Research Inc,USD,NASDAQ NMS - GLOBAL MARKET,Semiconductors,B,High,B,Low,B,High,275,230,235,1274,B,Medium,795403
acor,Acorda Therapeutics Inc,USD,NASDAQ NMS - GLOBAL MARKET,Biotechnology,B,Medium,CCC,High,BB,Low,367,245,218,743,BB,Medium,101594
acnb,ACNB Corp,USD,NASDAQ NMS - GLOBAL MARKET,Banking,B,High,BB,Low,B,High,230,330,257,1122,A,Medium,78749
acrs,Aclaris Therapeutics Inc,USD,NASDAQ NMS - GLOBAL MARKET,Pharmaceuticals,AA,Excellent,A,High,BB,Low,437,222,313,826,A,High,1692412
acrx,AcelRx Pharmaceuticals Inc,USD,NASDAQ NMS - GLOBAL MARKET,Pharmaceuticals,B,Medium,A,High,C,Low,613,366,290,821,BB,Medium,1365135
act,Enact Holdings Inc,USD,NASDAQ NMS - GLOBAL MARKET,Financial Services,A,High,A,Medium,BBB,Medium,370,325,277,967,BBB,Medium,1592016
actg,Acacia Research Corp,USD,NASDAQ NMS - GLOBAL MARKET,Financial Services,AA,Medium,BBB,Medium,C,Low,472,372,340,1047,BBB,High,100885
acva,ACV Auctions Inc,USD,NASDAQ NMS - GLOBAL MARKET,Commercial Services and Supplies,BB,Medium,BB,High,C,Medium,511,252,308,1124,BBB,High,7084
adag,Adagene Inc,USD,NASDAQ NMS - GLOBAL MARKET,Biotechnology,A,Excellent,BB,Medium,B,High,537,350,208,608,BB,Medium,1014473
acxp,Acurx Pharmaceuticals Inc,USD,NASDAQ NMS - GLOBAL MARKET,Biotechnology,BB,Medium,CCC,High,BBB,Medium,570,317,208,749,B,High,840715
adbe,Adobe Inc,USD,NASDAQ NMS - GLOBAL MARKET,Technology,A,Excellent,AA,Low,B,High,560,338,213,680,B,Medium,909832
adap,Adaptimmune Therapeutics PLC,USD,NASDAQ NMS - GLOBAL MARKET,Biotechnology,A,Excellent,BB,Low,B,High,512,282,230,1086,BBB,Medium,58492
adma,ADMA Biologics Inc,USD,NASDAQ NMS - GLOBAL MARKET,Biotechnology,BB,High,BB,Medium,BBB,Low,298,263,400,1136,A,High,1830749
ades,Advanced Emissions Solutions Inc,USD,NASDAQ NMS - GLOBAL MARKET,Chemicals,A,High,BBB,Low,B,High,331,355,294,949,B,High,1393818
adi,Analog Devices Inc,USD,NASDAQ NMS - GLOBAL MARKET,Semiconductors,AA,Medium,CCC,Excellent,BBB,Low,219,341,240,741,B,Medium,1013462
adil,Adial Pharmaceuticals Inc,USD,NASDAQ NMS - GLOBAL MARKET,Pharmaceuticals,B,High,BBB,High,BB,Low,218,297,338,818,BBB,Medium,1059556
admp,Adamis Pharmaceuticals Corp,USD,NASDAQ NMS - GLOBAL MARKET,Pharmaceuticals,AA,Medium,A,Excellent,BB,Low,361,372,260,707,B,High,1300514
acer,Acer Therapeutics Inc,USD,NASDAQ NMS - GLOBAL MARKET,Pharmaceuticals,B,High,A,Excellent,B,Medium,271,298,294,1151,BBB,Medium,859737
adus,Addus Homecare Corp,USD,NASDAQ NMS - GLOBAL MARKET,Health Care,AA,Excellent,AA,High,C,Low,336,228,265,1081,B,High,914122
acgl,Arch Capital Group Ltd,USD,NASDAQ NMS - GLOBAL MARKET,Insurance,BBB,High,BBB,High,C,Low,509,380,200,680,BB,High,795403
adpt,Adaptive Biotechnologies Corp,USD,NASDAQ NMS - GLOBAL MARKET,Life Sciences Tools and Services,BBB,Medium,B,Low,B,Medium,365,269,230,1528,A,High,1012100
adsk,Autodesk Inc,USD,NASDAQ NMS - GLOBAL MARKET,Technology,BBB,Excellent,A,Low,C,Medium,305,240,223,919,B,High,106535
adp,Automatic Data Processing Inc,USD,NASDAQ NMS - GLOBAL MARKET,Technology,AA,Medium,AA,Low,C,Low,238,226,245,980,B,High,783325
adtx,Aditxt Inc,USD,NASDAQ NMS - GLOBAL MARKET,Biotechnology,AA,Medium,BBB,Medium,B,Medium,367,345,280,1206,BBB,High,1408710
adv,Advantage Solutions Inc,USD,NASDAQ NMS - GLOBAL MARKET,Media,B,Excellent,AA,Excellent,BBB,High,295,214,338,1226,A,High,1175454
advm,Adverum Biotechnologies Inc,USD,NASDAQ NMS - GLOBAL MARKET,Biotechnology,BBB,Medium,CCC,Low,BB,Low,437,216,75,1084,B,Medium,96943
aehr,Aehr Test Systems,USD,NASDAQ NMS - GLOBAL MARKET,Semiconductors,AA,Medium,AA,Low,BBB,High,522,261,237,1150,A,Medium,759944
aehl,Antelope Enterprise Holdings Ltd,CNY,NASDAQ NMS - GLOBAL MARKET,Building,B,Medium,B,Excellent,C,High,604,330,313,1162,BB,Medium,1645590
aei,Alset Ehome International Inc,USD,NASDAQ NMS - GLOBAL MARKET,Real Estate,AA,High,A,Low,BBB,Low,264,225,218,906,B,High,885725
aeis,Advanced Energy Industries Inc,USD,NASDAQ NMS - GLOBAL MARKET,Electrical Equipment,A,Excellent,CCC,High,B,High,346,442,310,773,BBB,Medium,10795
aep,American Electric Power Company Inc,USD,NASDAQ NMS - GLOBAL MARKET,Utilities,B,Medium,BBB,High,BBB,Low,454,297,370,653,BBB,Medium,827054
aemd,Aethlon Medical Inc,USD,NASDAQ NMS - GLOBAL MARKET,Health Care,B,Excellent,BBB,Excellent,BB,High,470,207,325,1045,BB,High,887247
aese,Allied Esports Entertainment Inc,USD,NASDAQ NMS - GLOBAL MARKET,Hotels Restaurants and Leisure,BBB,Medium,CCC,Excellent,BB,Medium,433,379,350,1290,BB,Medium,1408198
aeye,AudioEye Inc,USD,NASDAQ NMS - GLOBAL MARKET,Technology,AA,Medium,BBB,Medium,B,Low,459,321,318,1161,BB,Medium,849399
aeri,Aerie Pharmaceuticals Inc,USD,NASDAQ NMS - GLOBAL MARKET,Pharmaceuticals,B,Medium,BB,High,BB,High,441,350,290,1110,BB,Medium,1095073
aey,ADDvantage Technologies Group Inc,USD,NASDAQ NMS - GLOBAL MARKET,Electrical Equipment,BB,Excellent,AA,Medium,B,Medium,371,339,261,957,B,High,743238
afmd,Affimed NV,EUR,NASDAQ NMS - GLOBAL MARKET,Biotechnology,AA,Excellent,BBB,Medium,BBB,Medium,608,303,203,774,BBB,High,1725255
afcg,AFC Gamma Inc,USD,NASDAQ NMS - GLOBAL MARKET,Real Estate,B,Medium,A,High,C,High,368,281,256,701,A,Medium,1588978
afbi,Affinity Bancshares Inc,USD,NASDAQ NMS - GLOBAL MARKET,Banking,AA,Excellent,BBB,Medium,B,Medium,444,306,345,1259,BB,Medium,1596532
afrm,Affirm Holdings Inc,USD,NASDAQ NMS - GLOBAL MARKET,Technology,B,Medium,A,Low,BB,Low,287,160,294,1270,B,Medium,48465
afib,Acutus Medical Inc,USD,NASDAQ NMS - GLOBAL MARKET,Health Care,AA,Medium,A,Excellent,B,High,570,323,345,656,BB,High,907654
agen,Agenus Inc,USD,NASDAQ NMS - GLOBAL MARKET,Biotechnology,BB,High,B,Excellent,B,Medium,462,231,215,785,B,High,1227654
afya,Afya Ltd,BRL,NASDAQ NMS - GLOBAL MARKET,Diversified Consumer Services,AA,High,A,High,C,Low,687,216,321,1417,B,High,883241
agfs,AgroFresh Solutions Inc,USD,NASDAQ NMS - GLOBAL MARKET,Chemicals,BBB,High,BBB,Low,BBB,Medium,377,277,400,1147,BB,Medium,46619
agfy,Agrify Corp,USD,NASDAQ NMS - GLOBAL MARKET,Machinery,A,Excellent,A,Low,BBB,Medium,221,227,355,772,B,Medium,8670
agil,AgileThought Inc,USD,NASDAQ NMS - GLOBAL MARKET,Technology,BBB,High,BB,Low,C,High,472,366,325,744,BBB,High,764180
agmh,AGM Group Holdings Inc,USD,NASDAQ NMS - GLOBAL MARKET,Financial Services,B,High,BBB,Medium,C,Medium,255,403,230,1161,A,High,827052
agio,Agios Pharmaceuticals Inc,USD,NASDAQ NMS - GLOBAL MARKET,Biotechnology,AA,Medium,BB,High,B,Medium,350,215,325,650,BB,Medium,764180
agle,Aeglea Bio Therapeutics Inc,USD,NASDAQ NMS - GLOBAL MARKET,Biotechnology,B,High,A,High,BBB,Low,377,272,428,711,BBB,High,866291
agnc,AGNC Investment Corp,USD,NASDAQ NMS - GLOBAL MARKET,Real Estate,AA,High,AA,High,C,High,492,320,225,1292,BB,Medium,827052
agri,AgriFORCE Growing Systems Ltd,USD,NASDAQ NMS - GLOBAL MARKET,Food Products,A,Medium,B,Medium,BB,Low,629,380,428,865,A,Medium,12927
agrx,Agile Therapeutics Inc,USD,NASDAQ NMS - GLOBAL MARKET,Pharmaceuticals,BBB,High,CCC,Medium,B,Medium,694,310,236,1340,BB,High,78239
agys,Agilysys Inc,USD,NASDAQ NMS - GLOBAL MARKET,Technology,B,Excellent,BBB,Excellent,BBB,High,295,283,255,630,A,Medium,1297996
agtc,Applied Genetic Technologies Corp,USD,NASDAQ NMS - GLOBAL MARKET,Biotechnology,AA,Excellent,A,Medium,BB,High,489,667,260,1168,B,Medium,815097
ahco,Adapthealth Corp,USD,NASDAQ NMS - GLOBAL MARKET,Health Care,BB,Medium,CCC,High,B,Medium,350,331,370,629,B,Medium,1321834
ahpi,Allied Healthcare Products Inc,USD,NASDAQ NMS - GLOBAL MARKET,Health Care,B,High,BB,Excellent,BBB,Medium,715,311,345,1179,A,Medium,1262039
adtn,ADTRAN Inc,USD,NASDAQ NMS - GLOBAL MARKET,Communications,AA,High,AA,High,C,Medium,230,346,267,616,BBB,Medium,1227654
adn,Advent Technologies Holdings Inc,USD,NASDAQ NMS - GLOBAL MARKET,Electrical Equipment,B,Excellent,AA,Excellent,C,Medium,583,285,475,621,BB,Medium,1467373
aiki,Aikido Pharma Inc,USD,NASDAQ NMS - GLOBAL MARKET,Biotechnology,A,Excellent,A,Low,BB,Medium,299,250,233,1227,A,High,1013462
aip,Arteris Inc,USD,NASDAQ NMS - GLOBAL MARKET,Technology,BBB,High,AA,High,BBB,Medium,200,309,355,941,B,High,866291
akro,Akero Therapeutics Inc,USD,NASDAQ NMS - GLOBAL MARKET,Biotechnology,A,Excellent,A,High,B,Low,375,218,308,931,BBB,High,1324424
airt,Air T Inc,USD,NASDAQ NMS - GLOBAL MARKET,Logistics and Transportation,B,Excellent,CCC,Medium,C,High,540,334,333,1081,BB,High,1521332
aimc,Altra Industrial Motion Corp,USD,NASDAQ NMS - GLOBAL MARKET,Machinery,A,Excellent,B,Medium,BB,Low,370,321,275,1056,BBB,Medium,935703
akba,Akebia Therapeutics Inc,USD,NASDAQ NMS - GLOBAL MARKET,Biotechnology,BB,High,CCC,Low,B,Low,234,379,290,1138,BB,Medium,1393818
airg,Airgain Inc,USD,NASDAQ NMS - GLOBAL MARKET,Electrical Equipment,B,Excellent,BBB,Low,BB,Low,311,241,277,722,A,Medium,1551693
airs,Airsculpt Technologies Inc,USD,NASDAQ NMS - GLOBAL MARKET,Health Care,BB,Excellent,CCC,Low,BB,Low,615,380,237,619,A,Medium,775215
akam,Akamai Technologies Inc,USD,NASDAQ NMS - GLOBAL MARKET,Technology,A,Excellent,A,Low,B,Low,568,364,305,1023,BBB,High,927653
aku,Akumin Inc,USD,NASDAQ NMS - GLOBAL MARKET,Health Care,B,High,AA,Medium,C,Low,280,400,321,1442,BB,High,2488
akus,Akouos Inc,USD,NASDAQ NMS - GLOBAL MARKET,Biotechnology,BBB,Medium,A,Low,BBB,Low,346,422,335,809,A,High,1046568
akts,Akoustis Technologies Inc,USD,NASDAQ NMS - GLOBAL MARKET,Electrical Equipment,AA,Excellent,BB,Low,BB,Medium,325,232,295,949,BBB,Medium,864749
aktx,Akari Therapeutics PLC,USD,NASDAQ NMS - GLOBAL MARKET,Pharmaceuticals,BB,High,A,Medium,BB,High,605,544,216,1238,A,High,1297996
albo,Albireo Pharma Inc,USD,NASDAQ NMS - GLOBAL MARKET,Biotechnology,BBB,High,CCC,High,BBB,Medium,221,251,313,1152,BB,Medium,1467858
akya,Akoya Biosciences Inc,USD,NASDAQ NMS - GLOBAL MARKET,Life Sciences Tools and Services,BBB,Excellent,BBB,High,BB,High,313,342,330,1282,A,High,1589061
alco,Alico Inc,USD,NASDAQ NMS - GLOBAL MARKET,Food Products,B,Excellent,CCC,High,C,Medium,555,339,303,1306,BBB,Medium,1493594
aldx,Aldeyra Therapeutics Inc,USD,NASDAQ NMS - GLOBAL MARKET,Biotechnology,AA,High,BB,Low,BB,High,576,316,223,698,B,Medium,827052
alec,Alector Inc,USD,NASDAQ NMS - GLOBAL MARKET,Biotechnology,BBB,Excellent,CCC,Medium,B,High,335,289,285,608,BBB,High,1466258
algm,Allegro Microsystems Inc,USD,NASDAQ NMS - GLOBAL MARKET,Semiconductors,AA,High,CCC,Low,BBB,Low,448,260,288,1147,A,High,1048286
alf,Alfi Inc,USD,NASDAQ NMS - GLOBAL MARKET,Technology,A,Medium,BB,Excellent,BB,Medium,336,363,325,622,B,High,1028918
algn,Align Technology Inc,USD,NASDAQ NMS - GLOBAL MARKET,Health Care,AA,High,BBB,Excellent,BBB,Medium,715,278,233,1081,BBB,Medium,34088
algs,Aligos Therapeutics Inc,USD,NASDAQ NMS - GLOBAL MARKET,Biotechnology,A,Medium,BBB,Low,B,Low,576,232,375,1138,BBB,Medium,1427925
alhc,Alignment Healthcare LLC,USD,NASDAQ NMS - GLOBAL MARKET,N/A,AA,Medium,B,High,C,Low,510,268,308,1107,B,High,1616000
alks,Alkermes Plc,USD,NASDAQ NMS - GLOBAL MARKET,Biotechnology,BB,Excellent,A,Excellent,C,High,382,201,358,1093,B,High,1524472
alim,Alimera Sciences Inc,USD,NASDAQ NMS - GLOBAL MARKET,Pharmaceuticals,BBB,High,AA,Low,BB,Low,360,348,215,863,BBB,Medium,766704
algt,Allegiant Travel Co,USD,NASDAQ NMS - GLOBAL MARKET,Airlines,AA,Medium,B,Medium,C,Medium,549,211,200,931,BBB,Medium,1101239
aih,Aesthetic Medical International Holdings Group Ltd,CNY,NASDAQ NMS - GLOBAL MARKET,Health Care,B,High,BBB,Excellent,B,High,489,343,294,818,BB,Medium,59558
alkt,Alkami Technology Inc,USD,NASDAQ NMS - GLOBAL MARKET,Technology,BBB,Excellent,BB,Low,BB,Medium,418,285,267,1007,BBB,High,720005
alny,Alnylam Pharmaceuticals Inc,USD,NASDAQ NMS - GLOBAL MARKET,Biotechnology,AA,High,BB,Excellent,C,Low,437,327,260,842,B,Medium,802481
allt,Allot Ltd,USD,NASDAQ NMS - GLOBAL MARKET,Technology,A,High,AA,Low,B,Low,504,328,75,646,BB,High,1094285
allo,Allogene Therapeutics Inc,USD,NASDAQ NMS - GLOBAL MARKET,Biotechnology,A,High,CCC,Excellent,B,Low,285,344,305,759,BB,High,842023
amat,Applied Materials Inc,USD,NASDAQ NMS - GLOBAL MARKET,Semiconductors,BB,Medium,A,Low,BBB,High,537,244,364,817,A,High,882095
amd,Advanced Micro Devices Inc,USD,NASDAQ NMS - GLOBAL MARKET,Semiconductors,A,High,BB,Excellent,BB,Low,278,324,230,998,A,Medium,1098972
atvi,Activision Blizzard Inc,USD,NASDAQ NMS - GLOBAL MARKET,Media,BB,Excellent,AA,Low,B,Medium,311,359,358,1067,BBB,Medium,1452965
avgo,Broadcom Inc,USD,NASDAQ NMS - GLOBAL MARKET,Semiconductors,BB,High,B,High,BBB,Medium,308,218,358,1169,A,Medium,1551152
anss,ANSYS Inc,USD,NASDAQ NMS - GLOBAL MARKET,Technology,A,Excellent,BBB,Medium,BB,High,534,316,311,1197,BBB,Medium,1032208
amzn,Amazon.com Inc,USD,NASDAQ NMS - GLOBAL MARKET,Retail,BBB,High,BBB,High,BB,Medium,578,400,226,656,B,Medium,1094285
aihs,Senmiao Technology Ltd,USD,NASDAQ NMS - GLOBAL MARKET,Financial Services,B,Medium,BBB,Low,BBB,Low,483,253,267,812,B,Medium,824142
apa,APA Corp (US),USD,NASDAQ NMS - GLOBAL MARKET,Energy,AA,Excellent,CCC,Medium,BB,Medium,299,288,295,811,A,High,65770
biib,Biogen Inc,USD,NASDAQ NMS - GLOBAL MARKET,Biotechnology,AA,High,CCC,Low,BBB,High,320,338,75,1433,BB,High,1140859
bkng,Booking Holdings Inc,USD,NASDAQ NMS - GLOBAL MARKET,Hotels Restaurants and Leisure,AA,Medium,A,High,BB,Medium,500,234,200,628,A,High,1498828
cdns,Cadence Design Systems Inc,USD,NASDAQ NMS - GLOBAL MARKET,Technology,BB,High,A,Low,B,Medium,308,238,75,817,BBB,Medium,1627475
cdw,CDW Corp,USD,NASDAQ NMS - GLOBAL MARKET,Electrical Equipment,A,Excellent,BBB,High,C,Low,323,372,267,826,BB,Medium,1385280
chrw,CH Robinson Worldwide Inc,USD,NASDAQ NMS - GLOBAL MARKET,Logistics and Transportation,BB,Excellent,AA,Medium,BBB,Medium,368,308,308,697,A,High,320193
cinf,Cincinnati Financial Corp,USD,NASDAQ NMS - GLOBAL MARKET,Insurance,BBB,High,B,High,BB,Low,307,380,335,707,BB,Medium,921738
chtr,Charter Communications Inc,USD,NASDAQ NMS - GLOBAL MARKET,Media,BBB,Excellent,CCC,Low,BBB,High,408,395,226,610,A,Medium,1672688
cmcsa,Comcast Corp,USD,NASDAQ NMS - GLOBAL MARKET,Media,B,Excellent,CCC,Low,B,High,495,329,216,903,B,Medium,1794350
cprt,Copart Inc,USD,NASDAQ NMS - GLOBAL MARKET,Commercial Services and Supplies,AA,Excellent,CCC,High,BB,High,335,245,338,1101,BBB,Medium,943452
cost,Costco Wholesale Corp,USD,NASDAQ NMS - GLOBAL MARKET,Retail,B,High,B,Excellent,C,Low,331,352,260,1181,B,High,1510295
csx,CSX Corp,USD,NASDAQ NMS - GLOBAL MARKET,Road and Rail,B,High,BBB,Excellent,C,High,589,344,400,1076,B,Medium,1652044
ctsh,Cognizant Technology Solutions Corp,USD,NASDAQ NMS - GLOBAL MARKET,Technology,BBB,Excellent,BB,High,B,Medium,230,277,345,657,BB,Medium,827054
cme,CME Group Inc,USD,NASDAQ NMS - GLOBAL MARKET,Financial Services,BB,Excellent,BB,High,BBB,High,336,380,200,820,A,High,921738
csco,Cisco Systems Inc,USD,NASDAQ NMS - GLOBAL MARKET,Communications,A,Excellent,CCC,Excellent,B,Low,719,257,285,1409,BB,High,1520262
ctas,Cintas Corp,USD,NASDAQ NMS - GLOBAL MARKET,Commercial Services and Supplies,BBB,High,BB,Medium,C,High,513,342,385,1143,B,Medium,49071
ctxs,Citrix Systems Inc,USD,NASDAQ NMS - GLOBAL MARKET,Technology,A,High,BB,Medium,B,High,540,415,285,1119,A,High,1005229
czr,Caesars Entertainment Inc,USD,NASDAQ NMS - GLOBAL MARKET,Hotels Restaurants and Leisure,BB,Medium,B,High,B,Low,270,288,228,949,BB,Medium,77476
dish,DISH Network Corp,USD,NASDAQ NMS - GLOBAL MARKET,Media,BB,High,B,High,B,High,205,479,235,868,A,High,1159036
dltr,Dollar Tree Inc,USD,NASDAQ NMS - GLOBAL MARKET,Retail,A,Medium,A,Low,BBB,High,475,217,295,973,BBB,Medium,1051470
dxcm,Dexcom Inc,USD,NASDAQ NMS - GLOBAL MARKET,Health Care,AA,Excellent,BBB,Low,C,High,410,409,288,772,BBB,Medium,1423689
ea,Electronic Arts Inc,USD,NASDAQ NMS - GLOBAL MARKET,Media,BB,Excellent,AA,Medium,C,Medium,451,319,303,679,A,Medium,1834622
lnt,Alliant Energy Corp,USD,NASDAQ NMS - GLOBAL MARKET,Utilities,B,High,BB,High,BBB,High,580,247,310,834,BBB,High,883241
fang,Diamondback Energy Inc,USD,NASDAQ NMS - GLOBAL MARKET,Energy,B,Medium,B,Excellent,BBB,High,545,349,208,1192,B,Medium,1403431
ebay,eBay Inc,USD,NASDAQ NMS - GLOBAL MARKET,Retail,BB,Excellent,A,High,C,High,269,513,355,1075,A,Medium,1396009
lkq,LKQ Corp,USD,NASDAQ NMS - GLOBAL MARKET,Distributors,BB,Medium,AA,Low,C,High,532,228,305,1077,B,Medium,1113232
googl,Alphabet Inc,USD,NASDAQ NMS - GLOBAL MARKET,Media,BBB,Excellent,CCC,High,BBB,Low,580,442,237,1161,A,Medium,107263
mar,Marriott International Inc,USD,NASDAQ NMS - GLOBAL MARKET,Hotels Restaurants and Leisure,BB,High,CCC,Medium,B,High,231,325,310,1023,BBB,High,899923
mchp,Microchip Technology Inc,USD,NASDAQ NMS - GLOBAL MARKET,Semiconductors,BB,High,BBB,Low,B,Medium,668,221,321,1209,BB,High,1530804
lrcx,Lam Research Corp,USD,NASDAQ NMS - GLOBAL MARKET,Semiconductors,B,High,BBB,Low,B,Medium,572,288,475,1133,BBB,High,80661
mdlz,Mondelez International Inc,USD,NASDAQ NMS - GLOBAL MARKET,Food Products,BB,Excellent,CCC,Medium,BB,Low,231,276,364,1104,A,High,109380
meta,Meta Platforms Inc,USD,NASDAQ NMS - GLOBAL MARKET,Media,A,High,AA,High,BBB,Low,315,214,203,660,B,High,31791
mktx,Marketaxess Holdings Inc,USD,NASDAQ NMS - GLOBAL MARKET,Financial Services,BB,Medium,A,Medium,BBB,Medium,568,374,270,967,B,Medium,1099219
mnst,Monster Beverage Corp,USD,NASDAQ NMS - GLOBAL MARKET,Beverages,B,Excellent,CCC,High,C,Low,340,278,316,734,BBB,High,1283140
mrna,Moderna Inc,USD,NASDAQ NMS - GLOBAL MARKET,Biotechnology,BBB,High,B,High,BB,High,545,297,259,1358,A,Medium,1402057
mtch,Match Group Inc,USD,NASDAQ NMS - GLOBAL MARKET,Media,AA,High,BB,Medium,BBB,Medium,700,302,325,1409,BBB,High,746515
mpwr,Monolithic Power Systems Inc,USD,NASDAQ NMS - GLOBAL MARKET,Semiconductors,BBB,Excellent,BB,Low,BB,Medium,299,256,240,1250,BBB,Medium,1145197
msft,Microsoft Corp,USD,NASDAQ NMS - GLOBAL MARKET,Technology,BB,Medium,B,Medium,BB,Medium,715,340,210,678,B,High,1224608
mu,Micron Technology Inc,USD,NASDAQ NMS - GLOBAL MARKET,Semiconductors,A,Medium,BBB,Medium,B,High,646,247,265,975,BB,Medium,27093
ndaq,Nasdaq Inc,USD,NASDAQ NMS - GLOBAL MARKET,Financial Services,AA,High,CCC,Low,BBB,Low,610,345,308,1169,BBB,Medium,80661
nlok,NortonLifeLock Inc,USD,NASDAQ NMS - GLOBAL MARKET,Technology,BB,High,BBB,Low,BB,High,715,303,277,1195,A,High,1634379
ntrs,Northern Trust Corp,USD,NASDAQ NMS - GLOBAL MARKET,Financial Services,B,Medium,B,Medium,C,Low,525,204,294,1207,B,Medium,1503584
nwl,Newell Brands Inc,USD,NASDAQ NMS - GLOBAL MARKET,Consumer products,B,Excellent,A,High,C,High,295,289,338,676,A,High,1166691
nvda,NVIDIA Corp,USD,NASDAQ NMS - GLOBAL MARKET,Semiconductors,A,Medium,A,Medium,BB,Low,231,544,315,1062,A,High,1579241
allk,Allakos Inc,USD,NASDAQ NMS - GLOBAL MARKET,Biotechnology,AA,High,AA,Excellent,BB,Medium,375,300,226,1090,BBB,High,715579
nwsa,News Corp,USD,NASDAQ NMS - GLOBAL MARKET,Media,AA,High,AA,Excellent,B,Medium,245,352,261,1138,BB,High,101829
odfl,Old Dominion Freight Line Inc,USD,NASDAQ NMS - GLOBAL MARKET,Road and Rail,BB,Medium,BB,Excellent,C,Medium,510,334,265,677,A,High,1744659
pcar,Paccar Inc,USD,NASDAQ NMS - GLOBAL MARKET,Machinery,BB,Excellent,CCC,High,C,High,451,314,235,817,A,High,28412
nxpi,NXP Semiconductors NV,USD,NASDAQ NMS - GLOBAL MARKET,Semiconductors,BB,High,AA,Excellent,B,High,340,299,223,1127,BBB,High,92380
orly,O'Reilly Automotive Inc,USD,NASDAQ NMS - GLOBAL MARKET,Retail,B,Excellent,B,High,B,High,715,277,308,655,BB,Medium,1030471
payx,Paychex Inc,USD,NASDAQ NMS - GLOBAL MARKET,Technology,BBB,Excellent,A,High,BBB,Medium,275,203,260,1050,BBB,Medium,1091223
pfg,Principal Financial Group Inc,USD,NASDAQ NMS - GLOBAL MARKET,Insurance,AA,Excellent,BBB,Excellent,B,Medium,533,228,267,1169,BB,Medium,1833908
rost,Ross Stores Inc,USD,NASDAQ NMS - GLOBAL MARKET,Retail,AA,Medium,CCC,Medium,BBB,High,477,246,308,769,A,Medium,1098146
sbac,SBA Communications Corp,USD,NASDAQ NMS - GLOBAL MARKET,Real Estate,A,High,B,Low,B,High,335,394,220,1170,BB,Medium,1145197
qcom,Qualcomm Inc,USD,NASDAQ NMS - GLOBAL MARKET,Semiconductors,AA,High,BB,Excellent,B,High,592,250,330,1112,B,High,1336920
pool,Pool Corp,USD,NASDAQ NMS - GLOBAL MARKET,Distributors,BB,Excellent,A,Medium,BBB,Medium,540,359,236,769,BBB,High,874766
pep,PepsiCo Inc,USD,NASDAQ NMS - GLOBAL MARKET,Beverages,BBB,Medium,BBB,High,BBB,Low,323,408,365,1154,BBB,Medium,1691303
sbux,Starbucks Corp,USD,NASDAQ NMS - GLOBAL MARKET,Hotels Restaurants and Leisure,BB,High,BBB,Excellent,BBB,High,511,160,310,1189,BB,High,775368
reg,Regency Centers Corp,USD,NASDAQ NMS - GLOBAL MARKET,Real Estate,B,Medium,CCC,Excellent,BBB,Low,370,287,370,1207,BB,Medium,38777
qrvo,Qorvo Inc,USD,NASDAQ NMS - GLOBAL MARKET,Semiconductors,AA,Excellent,A,Excellent,B,High,700,348,364,930,BBB,High,1065088
ptc,PTC Inc,USD,NASDAQ NMS - GLOBAL MARKET,Technology,B,High,AA,Medium,B,Medium,400,298,200,1396,A,High,1111711
penn,PENN Entertainment Inc,USD,NASDAQ NMS - GLOBAL MARKET,Hotels Restaurants and Leisure,BBB,Medium,A,Low,C,High,517,204,385,1168,A,High,1097149
pypl,PayPal Holdings Inc,USD,NASDAQ NMS - GLOBAL MARKET,Technology,BBB,Medium,BBB,Low,BB,Medium,235,422,213,939,BBB,High,1622345
regn,Regeneron Pharmaceuticals Inc,USD,NASDAQ NMS - GLOBAL MARKET,Biotechnology,B,Medium,BBB,Medium,BBB,High,218,313,213,616,BB,Medium,1585689
amgn,Amgen Inc,USD,NASDAQ NMS - GLOBAL MARKET,Biotechnology,A,Excellent,A,High,B,Medium,472,281,460,927,B,Medium,2488
snps,Synopsys Inc,USD,NASDAQ NMS - GLOBAL MARKET,Technology,A,Medium,BBB,Low,C,Medium,345,294,347,607,BB,High,22444
stx,Seagate Technology Holdings PLC,USD,NASDAQ NMS - GLOBAL MARKET,Technology,BBB,Excellent,B,Low,BBB,High,610,217,333,1104,A,Medium,310158
tech,Bio-Techne Corp,USD,NASDAQ NMS - GLOBAL MARKET,Life Sciences Tools and Services,BBB,High,CCC,Low,C,High,245,258,305,1433,B,High,1654126
ter,Teradyne Inc,USD,NASDAQ NMS - GLOBAL MARKET,Semiconductors,A,Medium,BBB,Excellent,BBB,Medium,505,216,230,1169,A,High,63908
swks,Skyworks Solutions Inc,USD,NASDAQ NMS - GLOBAL MARKET,Semiconductors,A,Medium,CCC,Low,C,Medium,548,226,345,1057,A,Medium,4977
trmb,Trimble Inc,USD,NASDAQ NMS - GLOBAL MARKET,Electrical Equipment,B,High,CCC,Excellent,BB,High,382,366,320,898,BBB,Medium,1002047
trow,T Rowe Price Group Inc,USD,NASDAQ NMS - GLOBAL MARKET,Financial Services,BB,High,CCC,Low,BB,Medium,515,271,280,619,A,High,934549
ttwo,Take-Two Interactive Software Inc,USD,NASDAQ NMS - GLOBAL MARKET,Media,BBB,High,BB,Medium,B,Low,395,238,265,1292,A,Medium,1368514
tsla,Tesla Inc,USD,NASDAQ NMS - GLOBAL MARKET,Automobiles,BBB,Medium,AA,High,B,Low,219,224,285,1107,BB,Medium,320335
tsco,Tractor Supply Co,USD,NASDAQ NMS - GLOBAL MARKET,Retail,BB,Excellent,B,Low,BB,Low,242,301,240,1148,B,High,6281
txn,Texas Instruments Inc,USD,NASDAQ NMS - GLOBAL MARKET,Semiconductors,AA,Excellent,A,Medium,C,Medium,270,285,210,1005,BB,Medium,1688568
tmus,T-Mobile US Inc,USD,NASDAQ NMS - GLOBAL MARKET,Telecommunication,BBB,Medium,BBB,Low,BB,High,549,315,280,1173,BBB,High,1058290
ual,United Airlines Holdings Inc,USD,NASDAQ NMS - GLOBAL MARKET,Airlines,BBB,Excellent,A,High,B,Low,420,341,300,1306,A,Medium,1522860
vrsk,Verisk Analytics Inc,USD,NASDAQ NMS - GLOBAL MARKET,Professional Services,BBB,High,B,Excellent,BB,High,520,330,305,655,A,High,1286681
ulta,Ulta Beauty Inc,USD,NASDAQ NMS - GLOBAL MARKET,Retail,A,Medium,BB,High,BBB,Low,331,204,295,647,BB,Medium,882095
vrtx,Vertex Pharmaceuticals Inc,USD,NASDAQ NMS - GLOBAL MARKET,Biotechnology,BBB,Excellent,CCC,Medium,B,High,242,354,210,712,BBB,Medium,1601712
vtrs,Viatris Inc,USD,NASDAQ NMS - GLOBAL MARKET,Pharmaceuticals,BB,Medium,BB,High,BB,Medium,615,296,325,1165,BBB,Medium,78749
vrsn,Verisign Inc,USD,NASDAQ NMS - GLOBAL MARKET,Technology,A,Medium,BB,Medium,B,Medium,245,210,385,1256,BB,Medium,1166003
wba,Walgreens Boots Alliance Inc,USD,NASDAQ NMS - GLOBAL MARKET,Retail,B,Excellent,B,High,B,Medium,271,219,365,1093,A,Medium,49071
ntap,NetApp Inc,USD,NASDAQ NMS - GLOBAL MARKET,Technology,BBB,Medium,BBB,Low,BB,High,415,320,303,768,BB,Medium,773840
xel,Xcel Energy Inc,USD,NASDAQ NMS - GLOBAL MARKET,Utilities,A,Excellent,AA,Low,BBB,Medium,604,204,385,1143,BB,High,20286
xray,DENTSPLY SIRONA Inc,USD,NASDAQ NMS - GLOBAL MARKET,Health Care,BBB,Medium,BBB,Medium,C,Medium,435,352,233,1088,A,High,706698
zbra,Zebra Technologies Corp,USD,NASDAQ NMS - GLOBAL MARKET,Electrical Equipment,B,High,CCC,High,BBB,Medium,576,404,233,1269,BB,High,1058090
aap,Advance Auto Parts Inc,USD,"NEW YORK STOCK EXCHANGE, INC.",Retail,BB,Excellent,AA,Medium,BBB,Medium,512,313,320,1238,BB,High,1589061
zion,Zions Bancorporation NA,USD,NASDAQ NMS - GLOBAL MARKET,Banking,B,Medium,CCC,Medium,BBB,High,573,269,223,922,BB,High,1067701
wynn,Wynn Resorts Ltd,USD,NASDAQ NMS - GLOBAL MARKET,Hotels Restaurants and Leisure,BB,High,A,High,BBB,Low,361,306,341,1197,BB,Medium,78003
a,Agilent Technologies Inc,USD,"NEW YORK STOCK EXCHANGE, INC.",Life Sciences Tools and Services,AA,Medium,CCC,Excellent,BB,Low,278,319,348,1171,BB,High,63754
abbv,Abbvie Inc,USD,"NEW YORK STOCK EXCHANGE, INC.",Biotechnology,BBB,Medium,B,High,C,High,715,360,240,1132,BB,Medium,820313
abc,Amerisourcebergen Corp,USD,"NEW YORK STOCK EXCHANGE, INC.",Health Care,B,Excellent,AA,Excellent,B,High,490,379,230,760,B,Medium,935703
adm,Archer-Daniels-Midland Co,USD,"NEW YORK STOCK EXCHANGE, INC.",Food Products,B,High,CCC,Medium,B,Low,455,203,228,1140,BB,Medium,895421
abt,Abbott Laboratories,USD,"NEW YORK STOCK EXCHANGE, INC.",Health Care,AA,Excellent,BBB,High,BB,High,549,250,330,1189,BB,Medium,711404
aee,Ameren Corp,USD,"NEW YORK STOCK EXCHANGE, INC.",Utilities,BB,Medium,BBB,High,BBB,High,330,208,265,727,BB,Medium,1634379
aes,AES Corp,USD,"NEW YORK STOCK EXCHANGE, INC.",Utilities,BB,Medium,B,High,BB,Low,587,211,305,1300,B,High,59558
afl,Aflac Inc,USD,"NEW YORK STOCK EXCHANGE, INC.",Insurance,A,High,A,Low,BBB,Low,250,304,240,801,BBB,High,775368
acn,Accenture PLC,USD,"NEW YORK STOCK EXCHANGE, INC.",Technology,BBB,High,AA,Low,BBB,Low,515,332,335,1115,A,Medium,1024478
ajg,Arthur J. Gallagher & Co.,USD,"NEW YORK STOCK EXCHANGE, INC.",Insurance,A,Medium,BB,Low,BB,High,508,354,350,800,BBB,High,1621227
aiz,Assurant Inc,USD,"NEW YORK STOCK EXCHANGE, INC.",Insurance,AA,Medium,AA,Medium,C,Low,240,380,305,1096,B,Medium,1365135
alk,Alaska Air Group Inc,USD,"NEW YORK STOCK EXCHANGE, INC.",Airlines,AA,Excellent,CCC,Excellent,BB,Low,330,283,235,898,BB,High,106640
alb,Albemarle Corp,USD,"NEW YORK STOCK EXCHANGE, INC.",Chemicals,BBB,High,CCC,High,B,High,323,209,335,600,BB,Medium,1601712
aig,American International Group Inc,USD,"NEW YORK STOCK EXCHANGE, INC.",Insurance,BB,Excellent,BBB,Low,BB,Low,433,333,320,1130,BBB,High,1576885
all,Allstate Corp,USD,"NEW YORK STOCK EXCHANGE, INC.",Insurance,B,Excellent,AA,Low,B,Medium,234,215,210,660,BB,High,1286681
alle,Allegion PLC,USD,"NEW YORK STOCK EXCHANGE, INC.",Building,AA,Excellent,CCC,Medium,BBB,Medium,527,394,315,629,A,Medium,1156375
amp,Ameriprise Financial Inc,USD,"NEW YORK STOCK EXCHANGE, INC.",Financial Services,AA,Excellent,AA,Excellent,BBB,High,719,349,248,1125,A,High,927066
ame,AMETEK Inc,USD,"NEW YORK STOCK EXCHANGE, INC.",Electrical Equipment,B,High,CCC,Excellent,BB,Low,441,379,208,1120,BBB,High,746515
amt,American Tower Corp,USD,"NEW YORK STOCK EXCHANGE, INC.",Real Estate,B,Excellent,BBB,High,C,Medium,264,305,267,1121,BBB,High,1870940
aos,A O Smith Corp,USD,"NEW YORK STOCK EXCHANGE, INC.",Building,BB,High,BB,Medium,BBB,Low,532,329,243,664,BBB,High,1326160
apd,Air Products and Chemicals Inc,USD,"NEW YORK STOCK EXCHANGE, INC.",Chemicals,AA,Excellent,AA,Excellent,C,Low,535,315,228,1276,BBB,High,1819394
aon,Aon PLC,USD,"NEW YORK STOCK EXCHANGE, INC.",Insurance,B,Excellent,AA,Low,C,Low,340,233,228,618,B,Medium,1109242
anet,Arista Networks Inc,USD,"NEW YORK STOCK EXCHANGE, INC.",Communications,A,Excellent,AA,Low,BB,Low,307,343,75,660,A,High,93751
aph,Amphenol Corp,USD,"NEW YORK STOCK EXCHANGE, INC.",Electrical Equipment,B,Medium,A,Excellent,BBB,Medium,340,300,75,753,B,High,93556
ato,Atmos Energy Corp,USD,"NEW YORK STOCK EXCHANGE, INC.",Utilities,BB,High,A,Low,BBB,Low,269,404,235,817,BB,Medium,1439222
awk,American Water Works Company Inc,USD,"NEW YORK STOCK EXCHANGE, INC.",Utilities,A,Excellent,B,High,C,Medium,365,224,236,763,BB,Medium,1751788
are,Alexandria Real Estate Equities Inc,USD,"NEW YORK STOCK EXCHANGE, INC.",Real Estate,A,High,AA,High,BB,Low,222,343,460,761,BBB,High,1413329
aptv,Aptiv PLC,USD,"NEW YORK STOCK EXCHANGE, INC.",Auto Components,AA,High,AA,Medium,C,Low,613,321,400,1050,B,Medium,1322505
avb,Avalonbay Communities Inc,USD,"NEW YORK STOCK EXCHANGE, INC.",Real Estate,B,Medium,BB,High,BBB,Medium,613,373,256,1292,BB,High,10456
avy,Avery Dennison Corp,USD,"NEW YORK STOCK EXCHANGE, INC.",Packaging,A,Excellent,BBB,Medium,BB,Medium,719,366,303,674,A,Medium,75362
ba,Boeing Co,USD,"NEW YORK STOCK EXCHANGE, INC.",Aerospace and Defense,A,High,CCC,Low,BB,Medium,450,318,275,800,B,High,1051470
bac,Bank of America Corp,USD,"NEW YORK STOCK EXCHANGE, INC.",Banking,BB,High,B,Medium,C,High,455,212,338,1216,B,Medium,726728
bax,Baxter International Inc,USD,"NEW YORK STOCK EXCHANGE, INC.",Health Care,BBB,Medium,A,Excellent,BBB,High,435,361,218,1200,BB,High,4447
bbwi,Bath & Body Works Inc,USD,"NEW YORK STOCK EXCHANGE, INC.",Retail,AA,High,CCC,Low,BB,Low,589,213,208,819,A,High,1297996
bdx,Becton Dickinson and Co,USD,"NEW YORK STOCK EXCHANGE, INC.",Health Care,BBB,High,A,High,BB,Medium,310,389,259,676,A,High,859737
bio,Bio Rad Laboratories Inc,USD,"NEW YORK STOCK EXCHANGE, INC.",Life Sciences Tools and Services,B,Excellent,BBB,High,B,Low,363,289,328,1245,A,High,1091907
bby,Best Buy Co Inc,USD,"NEW YORK STOCK EXCHANGE, INC.",Retail,BB,High,BBB,Medium,BB,Low,585,360,216,801,A,High,1551182
bk,Bank of New York Mellon Corp,USD,"NEW YORK STOCK EXCHANGE, INC.",Financial Services,BBB,Medium,AA,High,BB,Low,455,372,310,1067,BBB,Medium,27904
axp,American Express Co,USD,"NEW YORK STOCK EXCHANGE, INC.",Financial Services,BBB,Medium,B,Medium,BB,Medium,251,359,220,1176,A,Medium,1818838
br,Broadridge Financial Solutions Inc,USD,"NEW YORK STOCK EXCHANGE, INC.",Technology,A,High,A,High,BB,Medium,433,335,300,1282,B,Medium,1093557
bmy,Bristol-Myers Squibb Co,USD,"NEW YORK STOCK EXCHANGE, INC.",Pharmaceuticals,AA,Excellent,A,Medium,BB,High,300,351,298,1197,B,High,1123360
bro,Brown & Brown Inc,USD,"NEW YORK STOCK EXCHANGE, INC.",Insurance,BB,High,BBB,Low,BB,Medium,592,350,220,898,BBB,High,1024478
azo,Autozone Inc,USD,"NEW YORK STOCK EXCHANGE, INC.",Retail,BBB,Excellent,BB,Low,B,High,519,260,285,891,BB,High,23217
bsx,Boston Scientific Corp,USD,"NEW YORK STOCK EXCHANGE, INC.",Health Care,AA,Medium,CCC,High,B,Medium,367,380,243,704,A,Medium,815556
bx,Blackstone Inc,USD,"NEW YORK STOCK EXCHANGE, INC.",Financial Services,A,Medium,BBB,Medium,BBB,High,374,310,237,647,BB,Medium,885725
bxp,Boston Properties Inc,USD,"NEW YORK STOCK EXCHANGE, INC.",Real Estate,B,Medium,B,Low,C,Medium,694,305,275,715,A,High,1099800
sivb,SVB Financial Group,USD,NASDAQ NMS - GLOBAL MARKET,Banking,A,High,B,Medium,BB,Medium,264,409,265,788,BBB,High,946581
c,Citigroup Inc,USD,"NEW YORK STOCK EXCHANGE, INC.",Banking,AA,Excellent,BB,Low,C,Low,367,287,205,1159,BBB,High,749647
cat,Caterpillar Inc,USD,"NEW YORK STOCK EXCHANGE, INC.",Machinery,BB,High,AA,Medium,C,Low,615,389,230,993,A,High,821189
carr,Carrier Global Corp,USD,"NEW YORK STOCK EXCHANGE, INC.",Building,BB,Excellent,A,High,C,Medium,395,314,316,621,B,High,814453
cbre,CBRE Group Inc,USD,"NEW YORK STOCK EXCHANGE, INC.",Real Estate,AA,Excellent,AA,High,B,High,512,380,303,656,A,High,1561894
cci,Crown Castle Inc,USD,"NEW YORK STOCK EXCHANGE, INC.",Real Estate,A,Excellent,BBB,High,C,Low,525,271,270,1183,A,High,1870940
cday,Ceridian HCM Holding Inc,USD,"NEW YORK STOCK EXCHANGE, INC.",Technology,BB,Excellent,AA,Medium,BB,Medium,290,358,256,619,B,High,96943
cma,Comerica Inc,USD,"NEW YORK STOCK EXCHANGE, INC.",Banking,BBB,Medium,BB,High,BBB,High,527,234,288,753,BBB,High,949858
dhi,D R Horton Inc,USD,"NEW YORK STOCK EXCHANGE, INC.",Consumer products,BB,Medium,A,Medium,BB,Medium,308,218,350,1159,BBB,Medium,1321834
dov,Dover Corp,USD,"NEW YORK STOCK EXCHANGE, INC.",Machinery,BB,Excellent,B,Excellent,C,Low,360,372,210,957,A,Medium,1709164
dri,Darden Restaurants Inc,USD,"NEW YORK STOCK EXCHANGE, INC.",Hotels Restaurants and Leisure,AA,Excellent,AA,Excellent,BBB,High,517,253,347,1413,BBB,Medium,1503584
ce,Celanese Corp,USD,"NEW YORK STOCK EXCHANGE, INC.",Chemicals,BB,Excellent,AA,Low,C,Low,242,311,75,1115,BBB,Medium,898173
dg,Dollar General Corp,USD,"NEW YORK STOCK EXCHANGE, INC.",Retail,BB,Excellent,BB,Excellent,C,Low,526,438,348,750,BBB,High,1751788
cmg,Chipotle Mexican Grill Inc,USD,"NEW YORK STOCK EXCHANGE, INC.",Hotels Restaurants and Leisure,BB,High,BB,High,B,Medium,607,237,310,1216,BBB,Medium,75362
dgx,Quest Diagnostics Inc,USD,"NEW YORK STOCK EXCHANGE, INC.",Health Care,A,Medium,A,Low,B,Low,351,347,213,1039,B,High,1720446
ccl,Carnival Corp,USD,"NEW YORK STOCK EXCHANGE, INC.",Hotels Restaurants and Leisure,B,Excellent,AA,High,BBB,Medium,260,311,215,1268,BBB,High,1557746
chd,Church & Dwight Co Inc,USD,"NEW YORK STOCK EXCHANGE, INC.",Consumer products,BB,Medium,A,Low,BBB,Medium,238,302,340,1433,A,High,765880
dow,Dow Inc,USD,"NEW YORK STOCK EXCHANGE, INC.",Chemicals,BBB,Excellent,BBB,Low,C,Low,231,222,280,941,BBB,Medium,882095
dfs,Discover Financial Services,USD,"NEW YORK STOCK EXCHANGE, INC.",Financial Services,BBB,Medium,CCC,Low,B,High,578,366,316,781,A,Medium,1823406
duk,Duke Energy Corp,USD,"NEW YORK STOCK EXCHANGE, INC.",Utilities,BB,Medium,CCC,Medium,BB,Medium,653,351,277,844,B,Medium,91440
dre,Duke Realty Corp,USD,"NEW YORK STOCK EXCHANGE, INC.",Real Estate,BB,Excellent,BB,Medium,B,Low,562,400,310,1287,B,High,1136893
cf,CF Industries Holdings Inc,USD,"NEW YORK STOCK EXCHANGE, INC.",Chemicals,AA,Medium,AA,Excellent,BB,Medium,537,231,333,1153,A,Medium,766704
dvn,Devon Energy Corp,USD,"NEW YORK STOCK EXCHANGE, INC.",Energy,B,High,CCC,Excellent,BB,Medium,415,252,428,1125,B,High,1790625
ecl,Ecolab Inc,USD,"NEW YORK STOCK EXCHANGE, INC.",Chemicals,BBB,Excellent,AA,High,BBB,Medium,415,316,375,748,B,High,1513525
hd,Home Depot Inc,USD,"NEW YORK STOCK EXCHANGE, INC.",Retail,B,Medium,BB,Excellent,C,Medium,489,208,218,1238,A,High,1285785
dte,DTE Energy Co,USD,"NEW YORK STOCK EXCHANGE, INC.",Utilities,AA,High,A,Low,C,Medium,435,320,298,1243,BBB,High,109198
eix,Edison International,USD,"NEW YORK STOCK EXCHANGE, INC.",Utilities,B,Excellent,BBB,Low,BBB,High,613,351,308,652,BBB,Medium,1478320
glw,Corning Inc,USD,"NEW YORK STOCK EXCHANGE, INC.",Electrical Equipment,B,Excellent,BBB,Medium,B,Medium,420,216,370,1112,B,High,773840
dva,DaVita Inc,USD,"NEW YORK STOCK EXCHANGE, INC.",Health Care,AA,High,B,Excellent,C,Medium,371,385,75,697,BBB,High,4127
wdc,Western Digital Corp,USD,NASDAQ NMS - GLOBAL MARKET,Technology,A,High,BB,Excellent,BB,Low,295,362,260,1295,B,Medium,764180
gs,Goldman Sachs Group Inc,USD,"NEW YORK STOCK EXCHANGE, INC.",Financial Services,B,Excellent,CCC,High,B,Low,351,299,226,1145,A,Medium,1691303
dxc,DXC Technology Co,USD,"NEW YORK STOCK EXCHANGE, INC.",Technology,A,Medium,AA,High,BBB,Low,371,302,245,975,B,High,1091223
etn,Eaton Corporation PLC,USD,"NEW YORK STOCK EXCHANGE, INC.",Electrical Equipment,BBB,Medium,B,Low,C,High,299,203,277,1127,BB,Medium,886982
ed,Consolidated Edison Inc,USD,"NEW YORK STOCK EXCHANGE, INC.",Utilities,BB,Medium,B,Medium,C,High,218,379,305,1144,BBB,Medium,821189
hsy,Hershey Co,USD,"NEW YORK STOCK EXCHANGE, INC.",Food Products,BB,Excellent,BB,High,BB,High,355,319,210,765,BBB,Medium,1393818
jnj,Johnson & Johnson,USD,"NEW YORK STOCK EXCHANGE, INC.",Pharmaceuticals,B,Excellent,A,Medium,BB,Medium,307,211,290,1243,B,Medium,40704
jpm,JPMorgan Chase & Co,USD,"NEW YORK STOCK EXCHANGE, INC.",Banking,AA,High,B,High,B,High,311,312,223,1269,BBB,Medium,1345016
ko,Coca-Cola Co,USD,"NEW YORK STOCK EXCHANGE, INC.",Beverages,BB,Medium,CCC,Medium,B,Medium,500,442,460,1218,BBB,High,1822523
kmx,Carmax Inc,USD,"NEW YORK STOCK EXCHANGE, INC.",Retail,B,Medium,BBB,Low,BBB,Medium,415,348,225,1151,BB,Medium,29905
ldos,Leidos Holdings Inc,USD,"NEW YORK STOCK EXCHANGE, INC.",Professional Services,BBB,Excellent,B,Low,C,High,580,287,460,674,A,High,1725057
leg,Leggett & Platt Inc,USD,"NEW YORK STOCK EXCHANGE, INC.",Consumer products,B,Medium,BBB,Low,B,Low,455,257,228,1178,A,High,1164727
mcd,McDonald's Corp,USD,"NEW YORK STOCK EXCHANGE, INC.",Hotels Restaurants and Leisure,BBB,Excellent,B,Medium,B,Low,565,201,270,604,BBB,High,813672
lin,Linde PLC,USD,"NEW YORK STOCK EXCHANGE, INC.",Chemicals,B,Medium,BB,Medium,BB,Medium,579,226,400,1140,BB,Medium,1278021
lumn,Lumen Technologies Inc,USD,"NEW YORK STOCK EXCHANGE, INC.",Telecommunication,B,Excellent,CCC,Medium,BBB,Low,527,443,315,797,BB,Medium,908937
lyb,LyondellBasell Industries NV,USD,"NEW YORK STOCK EXCHANGE, INC.",Chemicals,AA,High,B,High,BB,Low,433,365,310,1178,BB,High,1824846
mco,Moody's Corp,USD,"NEW YORK STOCK EXCHANGE, INC.",Financial Services,A,Medium,B,Excellent,B,Medium,360,349,216,975,BB,High,1831651
mck,Mckesson Corp,USD,"NEW YORK STOCK EXCHANGE, INC.",Health Care,BBB,Excellent,B,Medium,B,Low,462,391,340,1206,B,Medium,1289490
mas,Masco Corp,USD,"NEW YORK STOCK EXCHANGE, INC.",Building,B,Excellent,B,Medium,C,High,607,200,350,1276,A,High,936340
low,Lowe's Companies Inc,USD,"NEW YORK STOCK EXCHANGE, INC.",Retail,B,High,CCC,Low,B,High,307,379,285,795,BB,Medium,1098146
mdt,Medtronic PLC,USD,"NEW YORK STOCK EXCHANGE, INC.",Health Care,BBB,Excellent,B,Excellent,C,High,346,228,215,941,BB,Medium,1501585
mkc,McCormick & Company Inc,USD,"NEW YORK STOCK EXCHANGE, INC.",Food Products,B,Medium,B,Medium,BBB,Low,240,297,313,1098,BB,High,1370637
met,MetLife Inc,USD,"NEW YORK STOCK EXCHANGE, INC.",Insurance,B,High,BBB,Medium,BB,Medium,305,349,340,952,BB,Medium,1034054
mgm,MGM Resorts International,USD,"NEW YORK STOCK EXCHANGE, INC.",Hotels Restaurants and Leisure,BB,Medium,B,High,B,Medium,485,324,280,1312,BBB,High,109198
mmc,Marsh & McLennan Companies Inc,USD,"NEW YORK STOCK EXCHANGE, INC.",Insurance,A,High,CCC,Medium,BBB,Medium,231,443,235,658,B,High,1513525
mo,Altria Group Inc,USD,"NEW YORK STOCK EXCHANGE, INC.",Tobacco,AA,Excellent,BB,Excellent,B,Low,345,281,333,643,BB,High,103379
bwa,Borgwarner Inc,USD,"NEW YORK STOCK EXCHANGE, INC.",Auto Components,B,Medium,A,High,BBB,Low,408,350,347,1178,BBB,Medium,1501756
mrk,Merck & Co Inc,USD,"NEW YORK STOCK EXCHANGE, INC.",Pharmaceuticals,AA,High,BB,Low,BBB,High,365,667,313,1218,BBB,Medium,46080
mro,Marathon Oil Corp,USD,"NEW YORK STOCK EXCHANGE, INC.",Energy,BB,High,BBB,Low,BB,High,548,400,345,1154,BBB,Medium,1621227
mpc,Marathon Petroleum Corp,USD,"NEW YORK STOCK EXCHANGE, INC.",Energy,BBB,High,AA,Excellent,B,High,444,244,250,674,BB,High,706698
ms,Morgan Stanley,USD,"NEW YORK STOCK EXCHANGE, INC.",Financial Services,BBB,Excellent,CCC,Low,BB,Medium,653,160,215,619,B,High,936340
mtb,M&T Bank Corp,USD,"NEW YORK STOCK EXCHANGE, INC.",Banking,B,Excellent,AA,Medium,C,Low,355,228,250,968,B,High,1138118
mtd,Mettler-Toledo International Inc,USD,"NEW YORK STOCK EXCHANGE, INC.",Life Sciences Tools and Services,A,High,B,High,B,Low,437,226,365,1025,B,High,927066
msi,Motorola Solutions Inc,USD,"NEW YORK STOCK EXCHANGE, INC.",Communications,A,Excellent,CCC,Excellent,B,Medium,435,338,303,1300,BB,High,1551693
nee,Nextera Energy Inc,USD,"NEW YORK STOCK EXCHANGE, INC.",Utilities,A,Excellent,BB,Excellent,BBB,Low,340,241,250,630,B,Medium,764622
msci,MSCI Inc,USD,"NEW YORK STOCK EXCHANGE, INC.",Financial Services,BB,Medium,B,Low,BBB,High,467,349,203,636,B,Medium,1742518
nclh,Norwegian Cruise Line Holdings Ltd,USD,"NEW YORK STOCK EXCHANGE, INC.",Hotels Restaurants and Leisure,BBB,Medium,AA,Low,C,Low,342,349,330,1205,B,High,922224
ni,NiSource Inc,USD,"NEW YORK STOCK EXCHANGE, INC.",Utilities,BBB,Excellent,A,High,C,Medium,483,246,308,820,A,High,1133421
noc,Northrop Grumman Corp,USD,"NEW YORK STOCK EXCHANGE, INC.",Aerospace and Defense,B,High,AA,Low,C,High,210,379,428,841,BB,Medium,1060391
now,ServiceNow Inc,USD,"NEW YORK STOCK EXCHANGE, INC.",Technology,B,High,BBB,High,C,Medium,353,372,208,668,B,High,715579
nue,Nucor Corp,USD,"NEW YORK STOCK EXCHANGE, INC.",Metals and Mining,BB,Medium,BB,Excellent,BBB,Low,202,294,303,610,BB,High,895421
nlsn,Nielsen Holdings PLC,USD,"NEW YORK STOCK EXCHANGE, INC.",Professional Services,AA,Excellent,AA,High,BB,Low,538,283,294,1170,BB,High,916076
nsc,Norfolk Southern Corp,USD,"NEW YORK STOCK EXCHANGE, INC.",Road and Rail,BB,High,B,High,B,High,355,404,218,1147,B,High,910606
nvr,NVR Inc,USD,"NEW YORK STOCK EXCHANGE, INC.",Consumer products,B,Medium,AA,High,BBB,High,298,283,259,1160,B,Medium,320193
pgr,Progressive Corp,USD,"NEW YORK STOCK EXCHANGE, INC.",Insurance,A,High,CCC,Medium,BBB,Low,548,358,321,1136,BBB,High,1823406
pfe,Pfizer Inc,USD,"NEW YORK STOCK EXCHANGE, INC.",Pharmaceuticals,BBB,Medium,B,Low,B,Low,500,372,277,1122,A,High,764180
phm,Pultegroup Inc,USD,"NEW YORK STOCK EXCHANGE, INC.",Consumer products,B,Excellent,BB,Low,BBB,Low,518,380,228,950,BBB,Medium,1046568
ph,Parker-Hannifin Corp,USD,"NEW YORK STOCK EXCHANGE, INC.",Machinery,AA,Medium,A,Excellent,BBB,High,604,337,208,1141,BB,High,277135
pki,PerkinElmer Inc,USD,"NEW YORK STOCK EXCHANGE, INC.",Life Sciences Tools and Services,AA,Medium,B,Excellent,BB,Low,480,332,200,961,A,Medium,1403568
pld,Prologis Inc,USD,"NEW YORK STOCK EXCHANGE, INC.",Real Estate,AA,Excellent,A,Medium,B,High,575,422,335,1528,BBB,High,1326801
ppg,PPG Industries Inc,USD,"NEW YORK STOCK EXCHANGE, INC.",Chemicals,B,Excellent,AA,Low,B,Low,513,366,313,1128,A,Medium,1652044
psa,Public Storage,USD,"NEW YORK STOCK EXCHANGE, INC.",Real Estate,B,Medium,BBB,Excellent,C,Medium,592,207,255,1188,A,High,1136893
pnc,PNC Financial Services Group Inc,USD,"NEW YORK STOCK EXCHANGE, INC.",Banking,A,Excellent,AA,Excellent,BBB,High,568,263,330,1023,A,High,353184
pm,Philip Morris International Inc,USD,"NEW YORK STOCK EXCHANGE, INC.",Tobacco,AA,Excellent,BBB,Low,C,Medium,519,359,316,1242,BBB,High,1551152
pkg,Packaging Corp of America,USD,"NEW YORK STOCK EXCHANGE, INC.",Packaging,BB,Excellent,A,Excellent,B,Medium,470,215,223,844,BBB,Medium,65984
psx,Phillips 66,USD,"NEW YORK STOCK EXCHANGE, INC.",Energy,A,Excellent,A,Low,C,Medium,454,332,328,1121,BBB,Medium,74208
pru,Prudential Financial Inc,USD,"NEW YORK STOCK EXCHANGE, INC.",Insurance,AA,Medium,A,Excellent,C,Medium,278,227,218,1182,A,Medium,36270
pnr,Pentair PLC,USD,"NEW YORK STOCK EXCHANGE, INC.",Machinery,AA,Excellent,CCC,High,C,Medium,520,214,259,891,A,High,1306830
pnw,Pinnacle West Capital Corp,USD,"NEW YORK STOCK EXCHANGE, INC.",Utilities,BBB,Excellent,BBB,Excellent,BB,Low,509,305,218,604,A,High,64040
ppl,PPL Corp,USD,"NEW YORK STOCK EXCHANGE, INC.",Utilities,B,High,A,Low,BB,Low,437,246,300,1091,BBB,High,1492633
pwr,Quanta Services Inc,USD,"NEW YORK STOCK EXCHANGE, INC.",Construction,AA,High,BB,Low,B,Low,217,283,325,928,BBB,Medium,277948
rjf,Raymond James Financial Inc,USD,"NEW YORK STOCK EXCHANGE, INC.",Financial Services,A,Medium,CCC,Medium,BBB,Low,700,380,248,930,B,Medium,1137774
rf,Regions Financial Corp,USD,"NEW YORK STOCK EXCHANGE, INC.",Banking,A,Excellent,AA,High,BBB,High,510,208,350,1088,B,Medium,912595
rcl,Royal Caribbean Cruises Ltd,USD,"NEW YORK STOCK EXCHANGE, INC.",Hotels Restaurants and Leisure,A,Excellent,A,Medium,BB,Low,408,265,223,1340,BB,Medium,715579
rl,Ralph Lauren Corp,USD,"NEW YORK STOCK EXCHANGE, INC.",Textiles Apparel and Luxury Goods,AA,High,BB,High,BB,Low,330,350,348,1135,BBB,High,1823878
pvh,PVH Corp,USD,"NEW YORK STOCK EXCHANGE, INC.",Textiles Apparel and Luxury Goods,BBB,Medium,AA,Excellent,BB,Low,568,221,315,1062,B,Medium,78239
rhi,Robert Half International Inc,USD,"NEW YORK STOCK EXCHANGE, INC.",Professional Services,A,Medium,BB,High,C,High,470,385,315,1409,BBB,High,105770
pxd,Pioneer Natural Resources Co,USD,"NEW YORK STOCK EXCHANGE, INC.",Energy,AA,Medium,CCC,High,C,Low,573,399,210,1312,BB,Medium,4127
rol,Rollins Inc,USD,"NEW YORK STOCK EXCHANGE, INC.",Commercial Services and Supplies,B,High,A,Low,BBB,Low,342,201,333,1225,BB,High,20286
rmd,Resmed Inc,USD,"NEW YORK STOCK EXCHANGE, INC.",Health Care,BBB,Medium,A,Medium,BB,High,310,570,225,1109,A,High,1689548
schw,Charles Schwab Corp,USD,"NEW YORK STOCK EXCHANGE, INC.",Financial Services,A,High,A,Excellent,B,Low,215,233,475,1218,B,High,882291
rok,Rockwell Automation Inc,USD,"NEW YORK STOCK EXCHANGE, INC.",Electrical Equipment,BB,High,AA,High,B,High,331,213,385,939,A,High,1571996
tdg,TransDigm Group Inc,USD,"NEW YORK STOCK EXCHANGE, INC.",Aerospace and Defense,B,Excellent,B,High,B,Medium,335,311,255,1015,B,Medium,1115055
see,Sealed Air Corp,USD,"NEW YORK STOCK EXCHANGE, INC.",Packaging,A,Excellent,B,Excellent,C,Medium,310,227,285,1148,BBB,High,37996
rop,Roper Technologies Inc,USD,"NEW YORK STOCK EXCHANGE, INC.",Technology,A,High,AA,Medium,BBB,High,629,315,325,739,B,Medium,23217
swk,Stanley Black & Decker Inc,USD,"NEW YORK STOCK EXCHANGE, INC.",Machinery,BB,Excellent,AA,Excellent,BB,High,299,289,285,1093,BBB,High,1492633
stz,Constellation Brands Inc,USD,"NEW YORK STOCK EXCHANGE, INC.",Beverages,B,Excellent,BBB,Low,C,Low,450,215,215,1348,A,Medium,1555280
syk,Stryker Corp,USD,"NEW YORK STOCK EXCHANGE, INC.",Health Care,A,Medium,BBB,Medium,BBB,High,454,265,216,1047,BBB,Medium,927003
syy,Sysco Corp,USD,"NEW YORK STOCK EXCHANGE, INC.",Retail,BBB,Excellent,AA,Low,BBB,High,200,204,245,1084,B,High,1065696
shw,Sherwin-Williams Co,USD,"NEW YORK STOCK EXCHANGE, INC.",Chemicals,BB,Excellent,CCC,Low,BBB,High,223,331,460,922,A,Medium,723531
spgi,S&P Global Inc,USD,"NEW YORK STOCK EXCHANGE, INC.",Financial Services,AA,High,BB,Low,C,Medium,238,342,233,646,BB,High,773840
ste,STERIS plc,USD,"NEW YORK STOCK EXCHANGE, INC.",Health Care,A,Medium,BB,High,BB,High,265,232,248,1294,BB,High,8818
syf,Synchrony Financial,USD,"NEW YORK STOCK EXCHANGE, INC.",Financial Services,BB,Excellent,B,High,BB,Medium,408,315,230,1143,B,Medium,1336920
spg,Simon Property Group Inc,USD,"NEW YORK STOCK EXCHANGE, INC.",Real Estate,AA,Medium,B,High,BBB,Low,550,343,210,1050,BBB,Medium,788784
sre,Sempra Energy,USD,"NEW YORK STOCK EXCHANGE, INC.",Utilities,AA,Excellent,BBB,Excellent,BBB,High,495,200,358,1208,A,Medium,1692412
so,Southern Co,USD,"NEW YORK STOCK EXCHANGE, INC.",Utilities,B,Excellent,A,Medium,BBB,High,242,360,280,922,B,High,1510295
stt,State Street Corp,USD,"NEW YORK STOCK EXCHANGE, INC.",Financial Services,AA,Excellent,CCC,High,C,Medium,353,219,285,1156,A,Medium,1043277
sna,Snap-On Inc,USD,"NEW YORK STOCK EXCHANGE, INC.",Machinery,A,High,A,Low,BBB,Medium,292,304,218,1195,B,High,1283699
rtx,Raytheon Technologies Corp,USD,"NEW YORK STOCK EXCHANGE, INC.",Aerospace and Defense,A,Medium,BB,High,BB,High,275,330,285,1242,A,Medium,1674168
hig,Hartford Financial Services Group Inc,USD,"NEW YORK STOCK EXCHANGE, INC.",Insurance,BBB,Excellent,BBB,Excellent,BBB,Low,269,250,75,1106,B,Medium,63908
tel,TE Connectivity Ltd,USD,"NEW YORK STOCK EXCHANGE, INC.",Electrical Equipment,BB,Medium,AA,High,C,Low,235,242,318,1052,A,High,23217
tfx,Teleflex Inc,USD,"NEW YORK STOCK EXCHANGE, INC.",Health Care,B,High,B,High,C,Low,508,223,320,1215,BB,High,1163302
tfc,Truist Financial Corp,USD,"NEW YORK STOCK EXCHANGE, INC.",Banking,B,High,A,Excellent,BBB,High,547,273,335,940,A,Medium,789570
tdy,Teledyne Technologies Inc,USD,"NEW YORK STOCK EXCHANGE, INC.",Electrical Equipment,B,Excellent,CCC,Low,B,Low,547,365,285,955,A,Medium,40704
tgt,Target Corp,USD,"NEW YORK STOCK EXCHANGE, INC.",Retail,BB,High,BBB,Excellent,B,Medium,245,251,275,1227,BBB,Medium,936468
tjx,TJX Companies Inc,USD,"NEW YORK STOCK EXCHANGE, INC.",Retail,B,Excellent,BBB,Low,B,Medium,613,404,325,918,BBB,Medium,1559720
tpr,Tapestry Inc,USD,"NEW YORK STOCK EXCHANGE, INC.",Textiles Apparel and Luxury Goods,BBB,High,BB,High,BB,High,535,218,318,1115,A,Medium,759944
trv,Travelers Companies Inc,USD,"NEW YORK STOCK EXCHANGE, INC.",Insurance,BBB,Medium,BBB,Low,B,Medium,420,667,233,1199,BB,High,4281
tmo,Thermo Fisher Scientific Inc,USD,"NEW YORK STOCK EXCHANGE, INC.",Life Sciences Tools and Services,AA,Medium,A,High,BB,High,585,343,259,845,A,Medium,1705843
tt,Trane Technologies PLC,USD,"NEW YORK STOCK EXCHANGE, INC.",Building,BBB,Excellent,BB,High,B,Low,350,283,313,706,B,Medium,1398453
tsn,Tyson Foods Inc,USD,"NEW YORK STOCK EXCHANGE, INC.",Food Products,B,Excellent,B,Low,B,Medium,295,299,213,606,A,High,4447
tyl,Tyler Technologies Inc,USD,"NEW YORK STOCK EXCHANGE, INC.",Technology,BB,Medium,B,High,BB,Medium,370,305,261,770,B,Medium,2969
txt,Textron Inc,USD,"NEW YORK STOCK EXCHANGE, INC.",Aerospace and Defense,AA,Excellent,BB,Excellent,B,High,270,235,335,1081,BB,High,1163302
unh,UnitedHealth Group Inc,USD,"NEW YORK STOCK EXCHANGE, INC.",Health Care,BB,Medium,BB,Medium,B,Medium,646,313,347,726,A,High,1109357
ups,United Parcel Service Inc,USD,"NEW YORK STOCK EXCHANGE, INC.",Logistics and Transportation,BBB,Excellent,BBB,Low,B,Low,342,359,330,615,BBB,Medium,1870940
udr,UDR Inc,USD,"NEW YORK STOCK EXCHANGE, INC.",Real Estate,BBB,Excellent,CCC,Excellent,BBB,High,335,251,226,949,BBB,High,1116132
uhs,Universal Health Services Inc,USD,"NEW YORK STOCK EXCHANGE, INC.",Health Care,BBB,High,B,High,B,Medium,585,361,216,951,BB,High,827052
mos,Mosaic Co,USD,"NEW YORK STOCK EXCHANGE, INC.",Chemicals,AA,Medium,CCC,High,B,Low,290,287,347,666,B,High,1400810
usb,US Bancorp,USD,"NEW YORK STOCK EXCHANGE, INC.",Banking,BBB,High,BBB,High,BBB,High,271,212,288,655,BB,High,277135
uri,United Rentals Inc,USD,"NEW YORK STOCK EXCHANGE, INC.",Trading Companies and Distributors,A,High,B,Excellent,BB,Medium,390,365,213,741,BB,High,1590895
vno,Vornado Realty Trust,USD,"NEW YORK STOCK EXCHANGE, INC.",Real Estate,B,High,CCC,Excellent,C,Low,223,341,240,931,B,Medium,1022079
vlo,Valero Energy Corp,USD,"NEW YORK STOCK EXCHANGE, INC.",Energy,A,Medium,B,Excellent,BBB,Low,377,302,355,1174,B,Medium,1364885
vfc,VF Corp,USD,"NEW YORK STOCK EXCHANGE, INC.",Textiles Apparel and Luxury Goods,BBB,Medium,BB,Low,B,Medium,418,224,200,969,BBB,High,1045609
v,Visa Inc,USD,"NEW YORK STOCK EXCHANGE, INC.",Technology,B,Medium,BBB,High,BBB,High,287,226,340,838,A,High,900075
vtr,Ventas Inc,USD,"NEW YORK STOCK EXCHANGE, INC.",Real Estate,BBB,Medium,B,High,C,High,518,351,341,760,B,Medium,1823406
vmc,Vulcan Materials Co,USD,"NEW YORK STOCK EXCHANGE, INC.",Construction,BBB,Excellent,BBB,Low,BBB,High,233,285,295,657,BBB,High,1501585
wec,WEC Energy Group Inc,USD,"NEW YORK STOCK EXCHANGE, INC.",Utilities,B,High,B,High,C,Medium,269,297,215,1128,BBB,High,1000228
well,Welltower OP LLC,USD,"NEW YORK STOCK EXCHANGE, INC.",Real Estate,BBB,Medium,BBB,Medium,C,Medium,371,238,267,1141,B,Medium,78003
wat,Waters Corp,USD,"NEW YORK STOCK EXCHANGE, INC.",Life Sciences Tools and Services,AA,High,A,High,BB,High,380,277,345,1199,A,High,944480
wm,Waste Management Inc,USD,"NEW YORK STOCK EXCHANGE, INC.",Commercial Services and Supplies,A,Excellent,AA,Medium,C,Medium,570,394,216,690,BB,High,833640
wab,Westinghouse Air Brake Technologies Corp,USD,"NEW YORK STOCK EXCHANGE, INC.",Machinery,B,High,BB,Low,BBB,Medium,270,299,250,696,A,High,943184
wmb,Williams Companies Inc,USD,"NEW YORK STOCK EXCHANGE, INC.",Energy,A,High,CCC,Low,BBB,High,325,323,341,1171,B,Medium,12208
wfc,Wells Fargo & Co,USD,"NEW YORK STOCK EXCHANGE, INC.",Banking,B,Excellent,A,High,BBB,Medium,355,343,278,922,BB,Medium,3545
whr,Whirlpool Corp,USD,"NEW YORK STOCK EXCHANGE, INC.",Consumer products,AA,High,CCC,High,B,High,522,314,220,716,A,Medium,1094285
wst,West Pharmaceutical Services Inc,USD,"NEW YORK STOCK EXCHANGE, INC.",Life Sciences Tools and Services,BBB,Medium,AA,Low,C,High,223,667,315,1123,BBB,High,1561894
wrb,W R Berkley Corp,USD,"NEW YORK STOCK EXCHANGE, INC.",Insurance,BBB,High,CCC,Medium,BB,Low,537,372,308,709,BBB,High,78003
wmt,Walmart Inc,USD,"NEW YORK STOCK EXCHANGE, INC.",Retail,AA,High,B,Medium,B,High,579,412,335,1363,BB,Medium,1103982
wu,Western Union Co,USD,"NEW YORK STOCK EXCHANGE, INC.",Technology,BBB,Excellent,A,Low,BBB,High,473,201,220,906,B,High,47217
yum,Yum! Brands Inc,USD,"NEW YORK STOCK EXCHANGE, INC.",Hotels Restaurants and Leisure,BB,High,BB,Medium,C,High,265,211,235,792,BBB,Medium,814453
xyl,Xylem Inc,USD,"NEW YORK STOCK EXCHANGE, INC.",Machinery,BB,Medium,B,Excellent,BBB,Low,508,346,250,1118,BB,High,1704720
wy,Weyerhaeuser Co,USD,"NEW YORK STOCK EXCHANGE, INC.",Real Estate,B,Medium,CCC,High,BBB,High,580,358,260,1133,BB,High,1385157
wrk,Westrock Co,USD,"NEW YORK STOCK EXCHANGE, INC.",Packaging,BB,Medium,B,Medium,B,High,371,319,300,1258,B,High,1283140
xom,Exxon Mobil Corp,USD,"NEW YORK STOCK EXCHANGE, INC.",Energy,BBB,Excellent,BBB,High,BB,High,569,285,243,744,B,Medium,1159036
zbh,Zimmer Biomet Holdings Inc,USD,"NEW YORK STOCK EXCHANGE, INC.",Health Care,BB,High,BBB,High,B,Medium,545,328,210,607,A,High,2488
zts,Zoetis Inc,USD,"NEW YORK STOCK EXCHANGE, INC.",Pharmaceuticals,A,Medium,CCC,Excellent,C,Medium,527,223,210,1160,B,Medium,56868
de,Deere & Co,USD,"NEW YORK STOCK EXCHANGE, INC.",Machinery,A,High,BB,High,C,Medium,374,264,218,908,A,High,354950
dd,Dupont De Nemours Inc,USD,"NEW YORK STOCK EXCHANGE, INC.",Chemicals,AA,High,CCC,Excellent,C,High,365,327,341,1027,B,High,92380
d,Dominion Energy Inc,USD,"NEW YORK STOCK EXCHANGE, INC.",Utilities,B,Excellent,BB,Low,BB,Low,350,403,310,668,A,Medium,29534
cvs,CVS Health Corp,USD,"NEW YORK STOCK EXCHANGE, INC.",Health Care,AA,Medium,AA,Low,BB,Medium,222,343,375,1127,BBB,Medium,76334
dal,Delta Air Lines Inc,USD,"NEW YORK STOCK EXCHANGE, INC.",Airlines,BBB,High,BBB,Excellent,B,High,231,257,303,912,BBB,Medium,1744494
crm,Salesforce Inc,USD,"NEW YORK STOCK EXCHANGE, INC.",Technology,AA,Medium,BBB,High,BBB,High,305,260,300,651,BB,Medium,927628
cvx,Chevron Corp,USD,"NEW YORK STOCK EXCHANGE, INC.",Energy,A,Medium,CCC,High,BBB,High,450,352,213,1216,BBB,High,1579241
ctva,Corteva Inc,USD,"NEW YORK STOCK EXCHANGE, INC.",Chemicals,B,Excellent,AA,Medium,BBB,Low,635,390,320,634,BB,Medium,1784567
ctra,Coterra Energy Inc,USD,"NEW YORK STOCK EXCHANGE, INC.",Energy,AA,High,AA,Low,BB,Medium,576,324,267,1161,BB,High,82020
ctlt,Catalent Inc,USD,"NEW YORK STOCK EXCHANGE, INC.",Pharmaceuticals,A,High,BBB,Excellent,BB,Medium,572,361,75,1142,B,High,899923
cpb,Campbell Soup Co,USD,"NEW YORK STOCK EXCHANGE, INC.",Food Products,BBB,Excellent,AA,Low,BB,Medium,390,412,313,650,BBB,Medium,795403
crl,Charles River Laboratories International Inc,USD,"NEW YORK STOCK EXCHANGE, INC.",Life Sciences Tools and Services,BBB,Excellent,AA,High,BBB,Medium,335,296,365,1204,A,High,820313
cop,Conocophillips,USD,"NEW YORK STOCK EXCHANGE, INC.",Energy,BBB,Excellent,CCC,Medium,C,High,409,310,348,781,B,High,1823406
coo,Cooper Companies Inc,USD,"NEW YORK STOCK EXCHANGE, INC.",Health Care,BB,High,CCC,Low,C,Low,694,297,213,843,A,High,1539838
cof,Capital One Financial Corp,USD,"NEW YORK STOCK EXCHANGE, INC.",Financial Services,A,High,AA,Excellent,C,High,530,324,220,675,BB,Medium,920760
cnc,Centene Corp,USD,"NEW YORK STOCK EXCHANGE, INC.",Health Care,BBB,Medium,BB,Medium,B,Low,454,239,265,1065,A,Medium,1410636
cnp,CenterPoint Energy Inc,USD,"NEW YORK STOCK EXCHANGE, INC.",Utilities,A,Medium,CCC,Medium,C,High,508,250,213,835,BBB,Medium,318306
cms,CMS Energy Corp,USD,"NEW YORK STOCK EXCHANGE, INC.",Utilities,BB,High,B,High,B,Medium,260,257,250,1267,B,High,1530804
cmi,Cummins Inc,USD,"NEW YORK STOCK EXCHANGE, INC.",Machinery,BB,High,A,Medium,BBB,Low,367,412,260,998,BB,Medium,200406
cl,Colgate-Palmolive Co,USD,"NEW YORK STOCK EXCHANGE, INC.",Consumer products,AA,High,BB,Excellent,BBB,Medium,307,513,355,845,BBB,High,1136893
mmm,3M Co,USD,"NEW YORK STOCK EXCHANGE, INC.",Industrial Conglomerates,B,Medium,CCC,Low,BB,Medium,370,570,335,1226,BBB,High,1597835
cfg,Citizens Financial Group Inc,USD,"NEW YORK STOCK EXCHANGE, INC.",Banking,B,Excellent,BB,Low,BB,Low,315,221,230,1135,BBB,Medium,775368
cag,Conagra Brands Inc,USD,"NEW YORK STOCK EXCHANGE, INC.",Food Products,BB,High,AA,Excellent,C,Low,575,346,265,1007,BB,Medium,100493
ci,Cigna Corp,USD,"NEW YORK STOCK EXCHANGE, INC.",Health Care,BB,Medium,B,Low,BBB,Low,330,351,428,1063,BB,Medium,1099800
cah,Cardinal Health Inc,USD,"NEW YORK STOCK EXCHANGE, INC.",Health Care,B,High,BB,High,B,Low,380,314,328,1086,A,High,6951
ma,Mastercard Inc,USD,"NEW YORK STOCK EXCHANGE, INC.",Technology,BB,Excellent,BB,Medium,B,High,569,160,313,1242,BBB,High,1158449
lw,Lamb Weston Holdings Inc,USD,"NEW YORK STOCK EXCHANGE, INC.",Food Products,A,Excellent,CCC,Low,BBB,Medium,375,340,240,1295,BBB,High,1530804
maa,Mid-America Apartment Communities Inc,USD,"NEW YORK STOCK EXCHANGE, INC.",Real Estate,A,Medium,CCC,Medium,B,High,605,321,328,1121,BB,High,1539838
mlm,Martin Marietta Materials Inc,USD,"NEW YORK STOCK EXCHANGE, INC.",Construction,A,High,CCC,High,B,High,475,268,341,1084,B,Medium,1789832
luv,Southwest Airlines Co,USD,"NEW YORK STOCK EXCHANGE, INC.",Airlines,B,High,BB,Excellent,B,Medium,342,214,348,675,BB,High,1654126
lnc,Lincoln National Corp,USD,"NEW YORK STOCK EXCHANGE, INC.",Insurance,BB,Excellent,CCC,Medium,C,Medium,540,202,338,678,B,High,874766
len,Lennar Corp,USD,"NEW YORK STOCK EXCHANGE, INC.",Consumer products,BB,Excellent,BBB,High,BBB,Low,519,442,267,716,BB,Medium,1613103
pg,Procter & Gamble Co,USD,"NEW YORK STOCK EXCHANGE, INC.",Consumer products,A,Medium,B,Low,BB,Medium,405,374,335,817,B,Medium,10795
ogn,Organon & Co,USD,"NEW YORK STOCK EXCHANGE, INC.",Pharmaceuticals,BBB,High,B,Medium,B,Medium,513,366,280,947,BB,High,29989
oxy,Occidental Petroleum Corp,USD,"NEW YORK STOCK EXCHANGE, INC.",Energy,B,High,CCC,Low,BB,Medium,569,261,250,1049,BBB,High,4977
dell,Dell Technologies Inc,USD,"NEW YORK STOCK EXCHANGE, INC.",Technology,A,Excellent,BB,High,B,Medium,511,570,257,916,B,High,731802
payc,Paycom Software Inc,USD,"NEW YORK STOCK EXCHANGE, INC.",Technology,AA,High,A,Low,BB,Medium,221,394,228,1075,BB,High,318154
peg,Public Service Enterprise Group Inc,USD,"NEW YORK STOCK EXCHANGE, INC.",Utilities,BBB,Excellent,A,Excellent,C,Low,505,361,270,958,BB,Medium,29534
oke,ONEOK Inc,USD,"NEW YORK STOCK EXCHANGE, INC.",Energy,AA,High,BB,Medium,BBB,High,492,238,308,802,BBB,Medium,1306830
nrg,NRG Energy Inc,USD,"NEW YORK STOCK EXCHANGE, INC.",Utilities,B,Medium,A,Excellent,B,High,490,296,221,811,BB,High,1831651
l,Loews Corp,USD,"NEW YORK STOCK EXCHANGE, INC.",Insurance,BBB,Medium,AA,Medium,C,Low,605,275,290,1188,BBB,Medium,72741
omc,Omnicom Group Inc,USD,"NEW YORK STOCK EXCHANGE, INC.",Media,BB,Excellent,B,Low,C,Low,592,313,328,891,BB,Medium,1178670
orcl,Oracle Corp,USD,"NEW YORK STOCK EXCHANGE, INC.",Technology,B,High,BB,Excellent,BB,Medium,335,301,210,744,BB,Medium,106640
o,Realty Income Corp,USD,"NEW YORK STOCK EXCHANGE, INC.",Real Estate,B,High,A,Excellent,BB,High,269,331,260,1083,BBB,High,47217
dpz,Domino's Pizza Inc,USD,"NEW YORK STOCK EXCHANGE, INC.",Hotels Restaurants and Leisure,B,High,BB,Low,BB,Medium,549,248,347,879,BB,Medium,1140859
t,AT&T Inc,USD,"NEW YORK STOCK EXCHANGE, INC.",Telecommunication,B,Excellent,CCC,High,BBB,Low,579,358,277,1154,BB,High,1159036
unp,Union Pacific Corp,USD,"NEW YORK STOCK EXCHANGE, INC.",Road and Rail,A,High,A,Medium,C,Medium,615,350,236,1207,B,High,75362
nem,Newmont Corporation,USD,"NEW YORK STOCK EXCHANGE, INC.",Metals and Mining,AA,Medium,A,High,BB,Medium,225,222,259,676,B,High,910606
fdx,FedEx Corp,USD,"NEW YORK STOCK EXCHANGE, INC.",Logistics and Transportation,AA,Medium,AA,Excellent,C,Medium,719,351,257,606,BB,High,753308
nke,Nike Inc,USD,"NEW YORK STOCK EXCHANGE, INC.",Textiles Apparel and Luxury Goods,BB,Excellent,CCC,High,C,Medium,503,276,341,1104,B,High,1645590
f,Ford Motor Co,USD,"NEW YORK STOCK EXCHANGE, INC.",Automobiles,A,Excellent,A,Low,C,Low,360,366,311,1207,A,Medium,1326801
lmt,Lockheed Martin Corp,USD,"NEW YORK STOCK EXCHANGE, INC.",Aerospace and Defense,AA,Excellent,AA,Medium,C,Medium,293,379,305,879,BBB,Medium,1725033
rsg,Republic Services Inc,USD,"NEW YORK STOCK EXCHANGE, INC.",Commercial Services and Supplies,A,Excellent,B,High,BB,Medium,526,245,358,1039,BBB,Medium,1297996
enph,Enphase Energy Inc,USD,NASDAQ NMS - GLOBAL MARKET,Semiconductors,BBB,High,B,High,C,Medium,490,210,305,1135,A,High,1285785
exc,Exelon Corp,USD,NASDAQ NMS - GLOBAL MARKET,Utilities,BB,Excellent,BB,High,C,Medium,589,380,340,1116,BBB,Medium,1819580
expd,Expeditors International of Washington Inc,USD,NASDAQ NMS - GLOBAL MARKET,Logistics and Transportation,B,Excellent,BBB,High,C,Medium,608,326,341,1218,A,Medium,104169
expe,Expedia Group Inc,USD,NASDAQ NMS - GLOBAL MARKET,Hotels Restaurants and Leisure,BBB,High,BBB,Low,BBB,Low,218,264,400,973,BBB,Medium,1058290
fast,Fastenal Co,USD,NASDAQ NMS - GLOBAL MARKET,Trading Companies and Distributors,B,Excellent,BB,Medium,B,Low,203,386,220,1083,BBB,High,927003
ffiv,F5 Inc,USD,NASDAQ NMS - GLOBAL MARKET,Communications,BB,Medium,AA,Medium,C,Medium,558,299,428,1122,A,Medium,1075531
fisv,Fiserv Inc,USD,NASDAQ NMS - GLOBAL MARKET,Technology,BBB,High,A,High,BBB,Low,715,259,250,819,BBB,Medium,1362468
eqix,Equinix Inc,USD,NASDAQ NMS - GLOBAL MARKET,Real Estate,BBB,Medium,BB,Excellent,BB,High,538,258,223,1224,A,High,1604778
ftnt,Fortinet Inc,USD,NASDAQ NMS - GLOBAL MARKET,Technology,B,High,BBB,Low,BBB,Medium,382,384,290,835,BB,High,1539838
etsy,ETSY Inc,USD,NASDAQ NMS - GLOBAL MARKET,Retail,BB,Excellent,BB,High,BB,Low,323,372,345,637,BB,High,1481646
ben,Franklin Resources Inc,USD,"NEW YORK STOCK EXCHANGE, INC.",Financial Services,B,High,BBB,High,B,High,351,285,298,1201,BBB,High,910406
dlr,Digital Realty Trust Inc,USD,"NEW YORK STOCK EXCHANGE, INC.",Real Estate,BB,Excellent,BB,Low,BBB,Low,285,350,347,1250,BBB,Medium,4447
dhr,Danaher Corp,USD,"NEW YORK STOCK EXCHANGE, INC.",Life Sciences Tools and Services,BB,Medium,BBB,Low,B,Medium,345,307,275,800,A,Medium,1094285
efx,Equifax Inc,USD,"NEW YORK STOCK EXCHANGE, INC.",Professional Services,AA,Medium,BBB,Low,BBB,High,262,228,235,834,BBB,High,858877
el,Estee Lauder Companies Inc,USD,"NEW YORK STOCK EXCHANGE, INC.",Consumer products,BBB,Medium,AA,Excellent,BBB,Medium,271,160,364,715,BB,Medium,91142
emn,Eastman Chemical Co,USD,"NEW YORK STOCK EXCHANGE, INC.",Chemicals,A,Excellent,BB,Medium,C,Medium,371,422,210,1098,A,Medium,89800
emr,Emerson Electric Co,USD,"NEW YORK STOCK EXCHANGE, INC.",Electrical Equipment,A,High,A,Low,B,High,473,280,243,880,BBB,Medium,1823406
eog,EOG Resources Inc,USD,"NEW YORK STOCK EXCHANGE, INC.",Energy,BB,Excellent,BBB,Low,BBB,Medium,500,313,315,995,B,Medium,1000697
eqr,Equity Residential,USD,"NEW YORK STOCK EXCHANGE, INC.",Real Estate,BBB,High,BB,Excellent,B,Medium,441,374,358,853,A,High,1163302
es,Eversource Energy,USD,"NEW YORK STOCK EXCHANGE, INC.",Utilities,BB,Medium,B,Low,B,Low,575,341,358,1183,BB,Medium,940944
ess,Essex Property Trust Inc,USD,"NEW YORK STOCK EXCHANGE, INC.",Real Estate,BB,Excellent,CCC,Low,BBB,Medium,592,323,345,657,A,Medium,100885
fitb,Fifth Third Bancorp,USD,NASDAQ NMS - GLOBAL MARKET,Banking,AA,High,AA,Low,BBB,Medium,608,280,260,1107,BBB,Medium,1800637
etr,Entergy Corp,USD,"NEW YORK STOCK EXCHANGE, INC.",Utilities,BB,Excellent,AA,Medium,BBB,Low,295,319,270,1412,BB,Medium,1427925
exr,Extra Space Storage Inc,USD,"NEW YORK STOCK EXCHANGE, INC.",Real Estate,BBB,High,CCC,Medium,BBB,Low,323,319,400,630,A,Medium,915389
ew,Edwards Lifesciences Corp,USD,"NEW YORK STOCK EXCHANGE, INC.",Health Care,AA,Medium,B,Medium,BB,High,509,513,358,680,BBB,High,1555280
foxa,Fox Corp,USD,NASDAQ NMS - GLOBAL MARKET,Media,A,High,BB,Low,C,Low,444,250,348,1201,A,High,1403568
fcx,Freeport-McMoRan Inc,USD,"NEW YORK STOCK EXCHANGE, INC.",Metals and Mining,BB,High,B,Medium,B,High,629,349,303,769,B,High,1335258
fe,FirstEnergy Corp,USD,"NEW YORK STOCK EXCHANGE, INC.",Utilities,B,Medium,CCC,Excellent,BBB,Low,455,212,257,1242,BB,Medium,1576885
flt,Fleetcor Technologies Inc,USD,"NEW YORK STOCK EXCHANGE, INC.",Technology,A,High,BBB,High,BB,High,547,286,345,1145,B,Medium,1278021
fis,Fidelity National Information Services Inc,USD,"NEW YORK STOCK EXCHANGE, INC.",Technology,B,Medium,AA,Low,BB,High,367,513,256,1106,BB,Medium,1056358
frc,First Republic Bank,USD,"NEW YORK STOCK EXCHANGE, INC.",Banking,A,Excellent,AA,High,B,High,308,268,257,1363,BBB,Medium,1564708
fmc,FMC Corp,USD,"NEW YORK STOCK EXCHANGE, INC.",Chemicals,B,Medium,BBB,Medium,C,Low,448,309,330,617,BB,Medium,882291
frt,Federal Realty Investment Trust,USD,"NEW YORK STOCK EXCHANGE, INC.",Real Estate,A,Excellent,BBB,Low,B,Medium,565,374,294,1280,BB,High,874710
ftv,Fortive Corp,USD,"NEW YORK STOCK EXCHANGE, INC.",Machinery,A,High,A,Medium,BB,Medium,547,379,277,819,BBB,High,1653087
gps,Gap Inc,USD,"NEW YORK STOCK EXCHANGE, INC.",Retail,AA,High,B,Low,BB,Medium,600,230,364,1192,A,High,1622345
grmn,Garmin Ltd,USD,"NEW YORK STOCK EXCHANGE, INC.",Consumer products,AA,Excellent,A,High,C,Low,558,667,341,1009,BBB,High,18230
it,Gartner Inc,USD,"NEW YORK STOCK EXCHANGE, INC.",Technology,A,Medium,AA,Medium,B,High,313,412,221,1197,B,High,715579
lly,Eli Lilly and Co,USD,"NEW YORK STOCK EXCHANGE, INC.",Pharmaceuticals,BBB,Medium,AA,Excellent,BB,Low,517,242,223,737,BB,Medium,1564824
re,Everest Re Group Ltd,USD,"NEW YORK STOCK EXCHANGE, INC.",Insurance,BB,Medium,A,High,BBB,Low,275,334,226,1112,A,Medium,1737287
evrg,Evergy Inc,USD,"NEW YORK STOCK EXCHANGE, INC.",Utilities,BB,Medium,AA,Medium,C,Medium,210,359,245,897,BBB,Medium,1283140
fbhs,Fortune Brands Home & Security Inc,USD,"NEW YORK STOCK EXCHANGE, INC.",Building,A,Excellent,CCC,Medium,BBB,Medium,480,353,208,1274,A,High,48465
gild,Gilead Sciences Inc,USD,NASDAQ NMS - GLOBAL MARKET,Biotechnology,A,Excellent,CCC,Low,BB,Medium,646,244,347,658,BB,Medium,315189
holx,Hologic Inc,USD,NASDAQ NMS - GLOBAL MARKET,Health Care,A,Excellent,BB,Medium,BB,High,579,338,215,650,B,High,1035002
hsic,Henry Schein Inc,USD,NASDAQ NMS - GLOBAL MARKET,Health Care,A,High,AA,Medium,BB,High,520,479,303,775,BBB,High,1823529
hon,Honeywell International Inc,USD,NASDAQ NMS - GLOBAL MARKET,Industrial Conglomerates,BBB,Medium,AA,High,B,High,568,257,256,1124,B,High,8670
hst,Host Hotels & Resorts Inc,USD,NASDAQ NMS - GLOBAL MARKET,Real Estate,B,Excellent,CCC,Medium,BB,Low,558,361,350,1256,B,Medium,885462
gd,General Dynamics Corp,USD,"NEW YORK STOCK EXCHANGE, INC.",Aerospace and Defense,A,Medium,BBB,High,BB,High,592,346,298,1282,A,Medium,18926
has,Hasbro Inc,USD,NASDAQ NMS - GLOBAL MARKET,Leisure Products,BBB,High,BB,Low,BB,High,538,366,311,1090,BBB,Medium,1492633
hban,Huntington Bancshares Inc,USD,NASDAQ NMS - GLOBAL MARKET,Banking,BB,Medium,AA,Excellent,BBB,Medium,565,394,310,1259,A,High,1618921
gl,Globe Life Inc,USD,"NEW YORK STOCK EXCHANGE, INC.",Insurance,A,Medium,A,Low,BBB,Medium,390,326,237,673,B,High,1267238
gpc,Genuine Parts Co,USD,"NEW YORK STOCK EXCHANGE, INC.",Distributors,A,High,BB,Excellent,B,Medium,310,373,220,1023,B,Medium,1551182
gnrc,Generac Holdings Inc,USD,"NEW YORK STOCK EXCHANGE, INC.",Electrical Equipment,AA,High,BB,High,BB,Low,604,355,233,759,B,High,913241
gpn,Global Payments Inc,USD,"NEW YORK STOCK EXCHANGE, INC.",Technology,BBB,Medium,B,Low,C,High,420,218,320,1150,BB,High,1130310
hca,HCA Healthcare Inc,USD,"NEW YORK STOCK EXCHANGE, INC.",Health Care,A,High,BB,High,C,High,512,263,328,995,BBB,High,1053507
hbi,HanesBrands Inc,USD,"NEW YORK STOCK EXCHANGE, INC.",Textiles Apparel and Luxury Goods,AA,Medium,A,Excellent,B,Medium,694,364,340,954,BBB,High,1434728
hii,Huntington Ingalls Industries Inc,USD,"NEW YORK STOCK EXCHANGE, INC.",Aerospace and Defense,BBB,Medium,B,High,C,High,233,211,350,1226,BB,High,1136893
hpe,Hewlett Packard Enterprise Co,USD,"NEW YORK STOCK EXCHANGE, INC.",Technology,BBB,High,CCC,Medium,B,Low,298,247,347,726,A,High,72903
hes,Hess Corp,USD,"NEW YORK STOCK EXCHANGE, INC.",Energy,BB,High,CCC,Medium,BB,High,251,318,230,1033,BBB,Medium,1091667
hlt,Hilton Worldwide Holdings Inc,USD,"NEW YORK STOCK EXCHANGE, INC.",Hotels Restaurants and Leisure,BBB,High,BBB,Low,BBB,Medium,262,207,305,677,BB,Medium,68505
hrl,Hormel Foods Corp,USD,"NEW YORK STOCK EXCHANGE, INC.",Food Products,A,Medium,A,Medium,B,Medium,409,352,370,771,BB,High,1493594
hpq,HP Inc,USD,"NEW YORK STOCK EXCHANGE, INC.",Technology,AA,High,BB,High,BBB,High,242,224,303,852,BB,High,1267602
hum,Humana Inc,USD,"NEW YORK STOCK EXCHANGE, INC.",Health Care,A,Medium,BB,High,B,Low,534,342,355,1238,A,Medium,1126328
hwm,Howmet Aerospace Inc,USD,"NEW YORK STOCK EXCHANGE, INC.",Aerospace and Defense,BB,Medium,B,Medium,BBB,Medium,311,244,200,1124,B,Medium,1534701
peak,Healthpeak Properties Inc,USD,"NEW YORK STOCK EXCHANGE, INC.",Real Estate,A,High,A,Low,C,Low,629,246,240,826,A,Medium,1224608
gis,General Mills Inc,USD,"NEW YORK STOCK EXCHANGE, INC.",Food Products,BB,Medium,A,High,C,Medium,700,264,338,1312,B,Medium,764180
ge,General Electric Co,USD,"NEW YORK STOCK EXCHANGE, INC.",Industrial Conglomerates,BB,Medium,BB,Excellent,C,Low,363,271,300,1419,B,High,1097149
spot,Spotify Technology SA,EUR,"NEW YORK STOCK EXCHANGE, INC.",Media,AA,Excellent,A,Medium,C,Low,646,280,257,786,A,High,818479
trtn,Triton International Ltd,USD,"NEW YORK STOCK EXCHANGE, INC.",Trading Companies and Distributors,BB,High,CCC,High,BB,High,370,389,300,1536,BBB,Medium,37785
trtx,TPG RE Finance Trust Inc,USD,"NEW YORK STOCK EXCHANGE, INC.",Real Estate,A,High,BB,Low,B,Medium,374,313,318,1169,BBB,Medium,1094285
yeti,Yeti Holdings Inc,USD,"NEW YORK STOCK EXCHANGE, INC.",Leisure Products,BBB,Excellent,CCC,High,BBB,Medium,350,343,255,1060,BB,High,1145197
yelp,Yelp Inc,USD,"NEW YORK STOCK EXCHANGE, INC.",Media,BBB,Excellent,B,Low,BBB,High,568,335,210,674,A,High,27419
yext,Yext Inc,USD,"NEW YORK STOCK EXCHANGE, INC.",Technology,BBB,Excellent,AA,Low,BB,Low,510,308,267,1081,B,High,74208
spr,Spirit AeroSystems Holdings Inc,USD,"NEW YORK STOCK EXCHANGE, INC.",Aerospace and Defense,BB,High,AA,Excellent,BB,High,430,241,340,692,BBB,Medium,1031296
ysg,Yatsen Holding Ltd,CNY,"NEW YORK STOCK EXCHANGE, INC.",Consumer products,BBB,High,BB,Low,BBB,High,570,230,256,621,BBB,High,1742518
yrd,Yiren Digital Ltd,CNY,"NEW YORK STOCK EXCHANGE, INC.",Financial Services,BBB,Excellent,B,Low,BB,Low,503,308,375,1218,A,High,1826397
yumc,Yum China Holdings Inc,USD,"NEW YORK STOCK EXCHANGE, INC.",Hotels Restaurants and Leisure,BBB,Medium,AA,High,C,Medium,220,404,310,929,BB,High,1459839
trox,Tronox Holdings PLC,USD,"NEW YORK STOCK EXCHANGE, INC.",Chemicals,AA,High,B,High,B,Low,687,256,265,845,BB,Medium,883241
zepp,Zepp Health Corp,CNY,"NEW YORK STOCK EXCHANGE, INC.",Electrical Equipment,AA,High,BB,Low,BB,High,230,285,226,697,A,Medium,829224
zev,Lightning eMotors Inc,USD,"NEW YORK STOCK EXCHANGE, INC.",Machinery,AA,Medium,A,Excellent,B,High,437,544,236,1413,A,High,28412
zuo,Zuora Inc,USD,"NEW YORK STOCK EXCHANGE, INC.",Technology,A,Excellent,BB,Excellent,BB,Medium,543,423,275,1168,B,High,831259
zim,ZIM Integrated Shipping Services Ltd,USD,"NEW YORK STOCK EXCHANGE, INC.",Marine,B,Medium,BBB,Medium,B,Medium,592,380,340,1155,BBB,Medium,815097
zyme,Zymeworks Inc,USD,"NEW YORK STOCK EXCHANGE, INC.",Biotechnology,BB,Excellent,BBB,Excellent,BBB,High,231,323,294,608,B,High,1589061
zws,Zurn Elkay Water Solutions Corp,USD,"NEW YORK STOCK EXCHANGE, INC.",Building,B,Medium,BB,Excellent,BBB,High,330,298,333,1123,B,High,1423689
you,Clear Secure Inc,USD,"NEW YORK STOCK EXCHANGE, INC.",Technology,B,Medium,B,Excellent,C,High,300,292,259,1183,B,High,1691303
zen,Zendesk Inc,USD,"NEW YORK STOCK EXCHANGE, INC.",Technology,A,Excellent,BBB,Excellent,BB,High,437,280,310,1138,BBB,Medium,96021
plxs,Plexus Corp,USD,NASDAQ NMS - GLOBAL MARKET,Electrical Equipment,B,Medium,CCC,High,BBB,Medium,525,251,245,752,A,Medium,1659166
ship,Seanergy Maritime Holdings Corp,USD,NASDAQ NMS - GLOBAL MARKET,Marine,A,Medium,AA,Medium,B,Low,490,321,277,802,BBB,High,29905
shls,Shoals Technologies Group Inc,USD,NASDAQ NMS - GLOBAL MARKET,Electrical Equipment,A,Excellent,BBB,Medium,BB,Low,271,231,259,1255,A,High,1674168
shoo,Steven Madden Ltd,USD,NASDAQ NMS - GLOBAL MARKET,Textiles Apparel and Luxury Goods,B,Medium,BB,Low,B,Low,507,275,308,847,BBB,Medium,1345016
shyf,Shyft Group Inc,USD,NASDAQ NMS - GLOBAL MARKET,Machinery,B,Excellent,BBB,Excellent,BB,Low,370,231,325,664,BB,High,1824846
sibn,SI-BONE Inc,USD,NASDAQ NMS - GLOBAL MARKET,Health Care,BBB,High,AA,Excellent,B,High,287,219,280,1413,BB,Medium,1283140
sieb,Siebert Financial Corp,USD,NASDAQ NMS - GLOBAL MARKET,Financial Services,AA,Excellent,CCC,Low,C,High,342,308,325,722,B,High,1601712
plya,Playa Hotels & Resorts NV,USD,NASDAQ NMS - GLOBAL MARKET,Hotels Restaurants and Leisure,A,High,BB,Excellent,BBB,High,607,341,233,1100,A,Medium,80424
wwe,World Wrestling Entertainment Inc,USD,"NEW YORK STOCK EXCHANGE, INC.",Media,BBB,Excellent,A,Medium,B,High,485,245,257,852,BBB,Medium,1133421
pmcb,PharmaCyte Biotech Inc,USD,NASDAQ NMS - GLOBAL MARKET,Biotechnology,AA,High,CCC,Medium,C,Medium,262,232,237,1099,A,High,1739940
www,Wolverine World Wide Inc,USD,"NEW YORK STOCK EXCHANGE, INC.",Textiles Apparel and Luxury Goods,BBB,Excellent,BBB,Medium,B,Medium,538,250,248,650,BBB,High,76334
xhr,Xenia Hotels & Resorts Inc,USD,"NEW YORK STOCK EXCHANGE, INC.",Real Estate,BB,Excellent,BBB,Excellent,C,Low,511,361,375,995,BB,High,874761
x,United States Steel Corp,USD,"NEW YORK STOCK EXCHANGE, INC.",Metals and Mining,AA,High,AA,High,BB,High,540,280,310,1188,BB,High,60667
xpev,Xpeng Inc,CNY,"NEW YORK STOCK EXCHANGE, INC.",Automobiles,A,Excellent,AA,Excellent,BB,Medium,250,297,220,1256,B,Medium,860730
xpo,XPO Logistics Inc,USD,"NEW YORK STOCK EXCHANGE, INC.",Road and Rail,BBB,Excellent,BB,Medium,B,High,581,373,311,1086,A,Medium,931584
xin,Xinyuan Real Estate Co Ltd,USD,"NEW YORK STOCK EXCHANGE, INC.",Real Estate,BBB,High,BB,Medium,BBB,Low,415,244,348,748,B,High,1802749
xl,XL Fleet Corp,USD,"NEW YORK STOCK EXCHANGE, INC.",Auto Components,BB,High,AA,High,BB,Medium,265,347,280,1027,BB,High,1529274
xyf,X Financial,CNY,"NEW YORK STOCK EXCHANGE, INC.",Financial Services,BB,Medium,BB,High,C,Low,374,210,243,654,A,Medium,940944
y,Alleghany Corp,USD,"NEW YORK STOCK EXCHANGE, INC.",Insurance,AA,High,B,Low,C,High,510,297,385,810,A,High,1832466
yala,Yalla Group Ltd,USD,"NEW YORK STOCK EXCHANGE, INC.",Media,BBB,Excellent,CCC,Medium,BBB,Low,415,379,325,1270,A,Medium,1287098
wts,Watts Water Technologies Inc,USD,"NEW YORK STOCK EXCHANGE, INC.",Machinery,A,Excellent,BB,High,C,Low,345,307,318,1133,A,Medium,1031296
sien,Sientra Inc,USD,NASDAQ NMS - GLOBAL MARKET,Health Care,BBB,Excellent,BBB,Medium,C,High,233,330,213,645,BBB,High,1109357
hain,Hain Celestial Group Inc,USD,NASDAQ NMS - GLOBAL MARKET,Food Products,AA,High,BB,Excellent,B,High,548,415,300,982,B,High,26172
mtc,MMTEC Inc,USD,NASDAQ NMS - GLOBAL MARKET,Technology,BBB,Medium,BBB,Excellent,BB,High,600,288,277,646,BB,Medium,927653
mtcr,Metacrine Inc,USD,NASDAQ NMS - GLOBAL MARKET,Biotechnology,AA,High,B,Medium,BB,Low,290,291,226,851,BB,Medium,745732
mtem,Molecular Templates Inc,USD,NASDAQ NMS - GLOBAL MARKET,Biotechnology,BBB,Excellent,BB,Medium,BB,Medium,215,215,315,1533,BB,Medium,814453
mtls,Materialise NV,EUR,NASDAQ NMS - GLOBAL MARKET,Technology,A,High,AA,Excellent,B,Medium,217,244,226,618,B,High,949858
mtex,Mannatech Inc,USD,NASDAQ NMS - GLOBAL MARKET,Consumer products,BBB,High,BBB,Medium,B,High,221,320,318,792,BBB,High,1478320
mtrx,Matrix Service Co,USD,NASDAQ NMS - GLOBAL MARKET,Construction,A,Medium,BBB,Medium,BBB,Low,234,343,355,922,B,Medium,1164727
halo,Halozyme Therapeutics Inc,USD,NASDAQ NMS - GLOBAL MARKET,Biotechnology,AA,Medium,CCC,Low,BBB,Low,532,373,223,930,BBB,Medium,840715
hall,Hallmark Financial Services Inc,USD,NASDAQ NMS - GLOBAL MARKET,Insurance,BBB,High,CCC,High,BBB,High,305,236,298,801,B,Medium,765880
mvbf,MVB Financial Corp,USD,NASDAQ NMS - GLOBAL MARKET,Banking,AA,Excellent,CCC,Low,BBB,Medium,325,325,340,1106,B,High,1178670
mvst,Microvast Holdings Inc,USD,NASDAQ NMS - GLOBAL MARKET,Machinery,B,Medium,CCC,High,BB,High,251,310,311,1270,BB,High,931584
mvis,MicroVision Inc,USD,NASDAQ NMS - GLOBAL MARKET,Electrical Equipment,BBB,Excellent,B,Medium,BBB,Medium,292,298,250,1107,A,High,909832
mxct,MaxCyte Inc,USD,NASDAQ NMS - GLOBAL MARKET,Life Sciences Tools and Services,BBB,Medium,BB,Low,B,High,275,203,280,995,BBB,High,78749
mygn,Myriad Genetics Inc,USD,NASDAQ NMS - GLOBAL MARKET,Biotechnology,BBB,High,AA,Excellent,C,Low,418,257,223,1169,BB,Medium,80424
myfw,First Western Financial Inc,USD,NASDAQ NMS - GLOBAL MARKET,Banking,BBB,High,AA,Low,B,High,250,360,294,1137,B,Medium,849399
mxl,Maxlinear Inc,USD,NASDAQ NMS - GLOBAL MARKET,Semiconductors,BBB,High,BBB,High,BB,Low,350,264,320,1207,BB,High,1172222
mymd,MyMD Pharmaceuticals Inc,USD,NASDAQ NMS - GLOBAL MARKET,Pharmaceuticals,BB,High,A,Excellent,BBB,Medium,542,311,316,697,B,High,1757143
myps,Playstudios Inc,USD,NASDAQ NMS - GLOBAL MARKET,Media,AA,Excellent,BB,Excellent,BB,Low,525,262,218,1186,A,High,1834622
mttr,Matterport Inc,USD,NASDAQ NMS - GLOBAL MARKET,Technology,AA,Medium,B,Excellent,B,High,589,276,358,1269,BBB,Medium,1123494
mtsi,MACOM Technology Solutions Holdings Inc,USD,NASDAQ NMS - GLOBAL MARKET,Semiconductors,BBB,High,A,High,BBB,High,287,292,316,1224,B,Medium,1321834
clro,Clearone Inc,USD,NASDAQ NMS - GLOBAL MARKET,Communications,BB,Excellent,AA,High,B,High,396,253,350,863,BBB,Medium,48465
clsn,Celsion Corp,USD,NASDAQ NMS - GLOBAL MARKET,Biotechnology,AA,High,CCC,Medium,BB,High,525,391,205,668,BB,Medium,851968
gure,Gulf Resources Inc,USD,NASDAQ NMS - GLOBAL MARKET,Chemicals,B,High,AA,Excellent,BB,Low,519,394,265,616,BB,High,1789832
gvp,GSE Systems Inc,USD,NASDAQ NMS - GLOBAL MARKET,Technology,BB,Excellent,CCC,Excellent,BBB,Low,490,320,294,753,BB,High,1856314
gyro,Gyrodyne LLC,USD,NASDAQ NMS - GLOBAL MARKET,Real Estate,BB,Excellent,B,Excellent,B,Low,715,289,330,645,BBB,Medium,1082554
gwrs,Global Water Resources Inc,USD,NASDAQ NMS - GLOBAL MARKET,Utilities,B,Excellent,AA,Excellent,BB,Low,635,234,213,620,A,High,80420
ha,Hawaiian Holdings Inc,USD,NASDAQ NMS - GLOBAL MARKET,Airlines,BBB,High,BBB,Medium,C,Low,350,281,203,763,BBB,Medium,922224
clsk,CleanSpark Inc,USD,NASDAQ NMS - GLOBAL MARKET,Technology,A,Medium,AA,High,C,Medium,293,443,428,722,BBB,High,1037540
clsd,Clearside Biomedical Inc,USD,NASDAQ NMS - GLOBAL MARKET,Pharmaceuticals,BB,High,BB,Low,BB,High,549,341,385,771,A,Medium,1751788
haac,Health Assurance Acquisition Corp,USD,NASDAQ NMS - GLOBAL MARKET,N/A,BB,Excellent,AA,Medium,BB,High,415,324,347,808,B,Medium,38777
hafc,Hanmi Financial Corp,USD,NASDAQ NMS - GLOBAL MARKET,Banking,A,High,BBB,Low,B,Low,371,380,225,1267,BB,High,827052
clxt,Calyxt Inc,USD,NASDAQ NMS - GLOBAL MARKET,Biotechnology,BB,High,AA,Low,BBB,Medium,345,206,203,1260,BB,High,1439288
cmco,Columbus McKinnon Corp,USD,NASDAQ NMS - GLOBAL MARKET,Machinery,AA,High,BB,Excellent,BBB,High,430,443,428,604,A,Medium,1396009
evk,Ever-Glory International Group Inc,USD,NASDAQ NMS - GLOBAL MARKET,Textiles Apparel and Luxury Goods,A,High,BBB,High,BBB,Medium,278,200,278,809,BB,High,1362190
clvs,Clovis Oncology Inc,USD,NASDAQ NMS - GLOBAL MARKET,Biotechnology,B,High,B,Low,B,Medium,525,256,256,828,BBB,Medium,927003
happ,Happiness Development Group Ltd,USD,NASDAQ NMS - GLOBAL MARKET,Consumer products,A,High,AA,High,B,Medium,437,253,428,1294,BBB,Medium,1043277
hbcp,Home Bancorp Inc,USD,NASDAQ NMS - GLOBAL MARKET,Financial Services,A,Excellent,CCC,Medium,BB,High,600,241,298,1124,BBB,Medium,827054
hbio,Harvard Bioscience Inc,USD,NASDAQ NMS - GLOBAL MARKET,Life Sciences Tools and Services,B,Medium,BBB,Medium,BB,High,355,316,228,721,A,Medium,34088
hbnc,Horizon Bancorp Inc,USD,NASDAQ NMS - GLOBAL MARKET,Banking,B,Medium,AA,Excellent,C,High,483,343,205,941,BBB,Medium,1530804
hbt,HBT Financial Inc,USD,NASDAQ NMS - GLOBAL MARKET,Banking,AA,High,AA,Low,B,High,363,306,400,691,A,High,1008848
hcat,Health Catalyst Inc,USD,NASDAQ NMS - GLOBAL MARKET,Health Care,BB,High,B,Low,BBB,High,433,228,259,898,BB,Medium,1262039
hcar,Healthcare Services Acquisition Corp,USD,NASDAQ NMS - GLOBAL MARKET,N/A,B,Medium,CCC,Low,BB,High,323,328,205,1058,A,Medium,1520262
harp,Harpoon Therapeutics Inc,USD,NASDAQ NMS - GLOBAL MARKET,Biotechnology,BB,High,B,High,C,Medium,646,288,428,765,BB,High,1015383
hayn,Haynes International Inc,USD,NASDAQ NMS - GLOBAL MARKET,Metals and Mining,BB,Excellent,BBB,Excellent,BBB,High,610,241,428,937,BB,High,766704
pnbk,Patriot National Bancorp Inc,USD,NASDAQ NMS - GLOBAL MARKET,Banking,BB,High,CCC,Medium,BB,Medium,408,324,294,1197,B,High,1111711
hcdi,Harbor Custom Development Inc,USD,NASDAQ NMS - GLOBAL MARKET,Consumer products,BBB,Medium,BB,Excellent,BB,High,454,399,400,1122,A,High,1262039
hcci,Heritage-Crystal Clean Inc,USD,NASDAQ NMS - GLOBAL MARKET,Commercial Services and Supplies,B,High,CCC,High,BB,High,607,208,338,1269,A,Medium,769397
pnfp,Pinnacle Financial Partners Inc,USD,NASDAQ NMS - GLOBAL MARKET,Banking,A,Medium,A,Low,B,Low,307,321,218,811,A,High,775215
pnt,POINT Biopharma Global Inc,USD,NASDAQ NMS - GLOBAL MARKET,Biotechnology,A,High,BBB,Excellent,C,High,346,408,428,851,A,Medium,1048911
poai,Predictive Oncology Inc,USD,NASDAQ NMS - GLOBAL MARKET,Health Care,BB,Excellent,A,Medium,C,High,675,317,328,838,A,High,14272
pola,Polar Power Inc,USD,NASDAQ NMS - GLOBAL MARKET,Electrical Equipment,BB,Excellent,A,Excellent,BBB,Medium,533,544,267,660,B,High,1478320
podd,Insulet Corp,USD,NASDAQ NMS - GLOBAL MARKET,Health Care,BBB,Medium,BB,Medium,C,Low,509,363,225,1306,BB,Medium,78239
powi,Power Integrations Inc,USD,NASDAQ NMS - GLOBAL MARKET,Semiconductors,BBB,Medium,A,Low,B,Low,532,304,226,1528,BBB,High,1022079
poww,Ammo Inc,USD,NASDAQ NMS - GLOBAL MARKET,Leisure Products,BBB,High,BB,Low,B,Low,264,325,298,1174,A,Medium,858877
pnrg,Primeenergy Resources Corp,USD,NASDAQ NMS - GLOBAL MARKET,Energy,A,Excellent,CCC,Low,C,Medium,473,265,223,1396,BB,Medium,4281
pntg,Pennant Group Inc,USD,NASDAQ NMS - GLOBAL MARKET,Health Care,B,Medium,BBB,Excellent,C,High,462,246,365,1201,B,High,107263
ppbi,Pacific Premier Bancorp Inc,USD,NASDAQ NMS - GLOBAL MARKET,Banking,B,Medium,BB,Excellent,B,Medium,350,443,350,1238,BBB,High,82020
ppih,Perma-Pipe International Holdings Inc,USD,NASDAQ NMS - GLOBAL MARKET,Machinery,BBB,Excellent,CCC,High,B,High,562,285,305,1282,BBB,High,1093557
ppc,Pilgrims Pride Corp,USD,NASDAQ NMS - GLOBAL MARKET,Food Products,BBB,Medium,B,High,B,Low,251,390,338,1216,BBB,High,49196
praa,PRA Group Inc,USD,NASDAQ NMS - GLOBAL MARKET,Financial Services,BB,High,AA,Excellent,B,Medium,251,515,228,623,B,High,1136869
ppsi,Pioneer Power Solutions Inc,USD,NASDAQ NMS - GLOBAL MARKET,Electrical Equipment,A,Medium,BBB,Low,BBB,High,532,352,213,1139,B,Medium,354707
prax,Praxis Precision Medicines Inc,USD,NASDAQ NMS - GLOBAL MARKET,Biotechnology,BBB,High,B,High,BB,Low,250,294,236,1250,A,High,1037868
prct,Procept Biorobotics Corp,USD,NASDAQ NMS - GLOBAL MARKET,Health Care,A,Excellent,BB,Low,BBB,Medium,305,350,345,769,A,Medium,21175
prch,Porch Group Inc,USD,NASDAQ NMS - GLOBAL MARKET,Retail,BBB,Medium,CCC,High,BB,High,292,282,236,667,BB,High,1652044
prdo,Perdoceo Education Corp,USD,NASDAQ NMS - GLOBAL MARKET,Diversified Consumer Services,BB,High,A,Low,C,High,517,246,311,725,BBB,Medium,706698
sisi,Shineco Inc,USD,NASDAQ NMS - GLOBAL MARKET,Consumer products,BB,Medium,B,High,BB,Medium,495,242,265,1109,B,Medium,916365
sitm,SiTime Corp,USD,NASDAQ NMS - GLOBAL MARKET,Semiconductors,B,High,CCC,High,C,Medium,547,216,228,919,BBB,High,1744659
siri,Sirius XM Holdings Inc,USD,NASDAQ NMS - GLOBAL MARKET,Media,A,Medium,AA,Low,C,Low,459,391,256,849,B,High,943184
powl,Powell Industries Inc,USD,NASDAQ NMS - GLOBAL MARKET,Electrical Equipment,AA,High,CCC,Medium,BBB,Medium,351,570,341,616,BBB,High,732717
upwk,Upwork Inc,USD,NASDAQ NMS - GLOBAL MARKET,Professional Services,A,Medium,BBB,Excellent,C,High,572,415,330,674,BBB,Medium,766421
usak,USA Truck Inc,USD,NASDAQ NMS - GLOBAL MARKET,Road and Rail,B,Excellent,CCC,Low,BB,High,530,231,316,1147,BBB,High,1000228
usau,US Gold Corp,USD,NASDAQ NMS - GLOBAL MARKET,Metals and Mining,B,Excellent,BB,High,C,High,215,294,313,1533,B,High,1060391
usap,Universal Stainless & Alloy Products Inc,USD,NASDAQ NMS - GLOBAL MARKET,Metals and Mining,B,Medium,BBB,High,BB,Low,371,275,338,958,A,High,1365767
useg,US Energy Corp,USD,NASDAQ NMS - GLOBAL MARKET,Energy,AA,High,A,Low,B,Low,569,382,230,1282,BBB,High,927653
usio,Usio Inc,USD,NASDAQ NMS - GLOBAL MARKET,Technology,BB,High,CCC,Excellent,C,High,441,217,358,1218,B,Medium,1720446
uthr,United Therapeutics Corp,USD,NASDAQ NMS - GLOBAL MARKET,Biotechnology,B,Medium,B,Medium,BB,Medium,509,412,226,649,BB,High,103379
urgn,Urogen Pharma Ltd,USD,NASDAQ NMS - GLOBAL MARKET,Biotechnology,BBB,High,A,High,C,Low,527,305,235,856,BB,High,1720580
urbn,Urban Outfitters Inc,USD,NASDAQ NMS - GLOBAL MARKET,Retail,B,Medium,AA,High,C,Low,437,423,205,1207,BBB,Medium,1818838
utme,Utime Ltd,CNY,NASDAQ NMS - GLOBAL MARKET,Electrical Equipment,BB,High,B,Excellent,B,High,325,308,205,653,BBB,Medium,1398453
utrs,Minerva Surgical Inc,USD,NASDAQ NMS - GLOBAL MARKET,Health Care,B,Excellent,AA,High,B,Low,395,346,259,786,B,Medium,1755672
utsi,UTStarcom Holdings Corp,USD,NASDAQ NMS - GLOBAL MARKET,Communications,BBB,Medium,BB,High,BBB,Medium,238,362,226,676,BBB,High,1510295
uxin,Uxin Ltd,CNY,NASDAQ NMS - GLOBAL MARKET,Retail,BBB,Medium,BBB,Low,BBB,Medium,245,223,228,676,B,Medium,1385157
uvsp,Univest Financial Corp,USD,NASDAQ NMS - GLOBAL MARKET,Banking,BB,Medium,BBB,Low,BBB,High,307,305,221,1175,A,High,1093557
cmcm,Cheetah Mobile Inc,CNY,"NEW YORK STOCK EXCHANGE, INC.",Technology,A,Excellent,AA,Medium,BBB,Medium,519,347,259,958,BB,High,1818838
cmc,Commercial Metals Co,USD,"NEW YORK STOCK EXCHANGE, INC.",Metals and Mining,AA,Medium,B,Medium,B,High,331,479,215,1340,B,High,1750106
uslm,United States Lime & Minerals Inc,USD,NASDAQ NMS - GLOBAL MARKET,Construction,BBB,Excellent,AA,Low,C,Low,592,338,347,1287,BBB,Medium,882184
utmd,Utah Medical Products Inc,USD,NASDAQ NMS - GLOBAL MARKET,Health Care,B,Medium,B,Excellent,C,Low,400,443,460,801,A,High,1001082
cmp,Compass Minerals International Inc,USD,"NEW YORK STOCK EXCHANGE, INC.",Metals and Mining,BBB,High,CCC,Excellent,BBB,Medium,355,513,278,735,BB,Medium,1337553
cnf,CNFinance Holdings Ltd,CNY,"NEW YORK STOCK EXCHANGE, INC.",Financial Services,A,Medium,AA,Low,BBB,Low,518,372,320,1084,BBB,Medium,72903
cnmd,Conmed Corp,USD,"NEW YORK STOCK EXCHANGE, INC.",Health Care,BBB,Excellent,AA,High,BB,High,495,303,245,991,BB,Medium,92230
cnk,Cinemark Holdings Inc,USD,"NEW YORK STOCK EXCHANGE, INC.",Media,A,Medium,A,Low,B,High,433,250,237,1195,B,Medium,101594
cnne,Cannae Holdings Inc,USD,"NEW YORK STOCK EXCHANGE, INC.",Financial Services,B,High,A,Low,BBB,Low,330,339,243,1155,BB,Medium,1037540
cno,CNO Financial Group Inc,USD,"NEW YORK STOCK EXCHANGE, INC.",Insurance,AA,Excellent,BBB,Low,BB,Medium,430,203,216,797,BB,High,10795
cna,CNA Financial Corp,USD,"NEW YORK STOCK EXCHANGE, INC.",Insurance,BBB,Excellent,B,High,B,Low,587,296,210,695,BB,High,1163302
cmre,Costamare Inc,USD,"NEW YORK STOCK EXCHANGE, INC.",Marine,A,Medium,A,Medium,C,Low,570,372,240,715,A,High,1551152
gva,Granite Construction Inc,USD,"NEW YORK STOCK EXCHANGE, INC.",Construction,A,Excellent,AA,Low,B,Low,310,316,460,734,A,High,4447
fn,Fabrinet,USD,"NEW YORK STOCK EXCHANGE, INC.",Electrical Equipment,AA,Excellent,BBB,Medium,B,Medium,290,239,348,928,BB,High,833640
h,Hyatt Hotels Corp,USD,"NEW YORK STOCK EXCHANGE, INC.","Hotels, Restaurants & Leisure",BB,High,BB,Medium,BB,Low,504,299,265,811,BBB,High,1109357
hasi,Hannon Armstrong Sustainable Infrastructure Capital Inc,USD,"NEW YORK STOCK EXCHANGE, INC.",Real Estate,BBB,High,BB,High,BBB,Low,508,331,348,945,BB,High,913241
hayw,Hayward Holdings Inc,USD,"NEW YORK STOCK EXCHANGE, INC.",Building,BBB,Excellent,CCC,Low,B,Low,518,278,248,1065,BBB,High,910606
hbb,Hamilton Beach Brands Holding Co,USD,"NEW YORK STOCK EXCHANGE, INC.",Consumer products,AA,Excellent,B,High,BB,Medium,569,412,248,650,BB,Medium,1466258
hcc,Warrior Met Coal Inc,USD,"NEW YORK STOCK EXCHANGE, INC.",Metals & Mining,A,Excellent,B,Excellent,B,Low,215,301,295,1256,BBB,Medium,1164727
hci,Hci Group Inc,USD,"NEW YORK STOCK EXCHANGE, INC.",Insurance,BB,Medium,BBB,Medium,BBB,Low,225,400,255,971,A,High,1385157
he,Hawaiian Electric Industries Inc,USD,"NEW YORK STOCK EXCHANGE, INC.",Utilities,BB,Medium,AA,Low,C,High,518,209,75,668,BB,High,1145197
gwre,Guidewire Software Inc,USD,"NEW YORK STOCK EXCHANGE, INC.",Technology,BBB,High,A,High,BB,Medium,409,386,350,712,BBB,Medium,1067701
hae,Haemonetics Corp,USD,"NEW YORK STOCK EXCHANGE, INC.",Health Care,B,Excellent,AA,High,BBB,Medium,336,265,243,673,BB,Medium,21175
hep,Holly Energy Partners LP,USD,"NEW YORK STOCK EXCHANGE, INC.",Energy ,AA,High,BBB,Low,B,Medium,675,423,341,1054,A,Medium,19617
hgv,Hilton Grand Vacations Inc,USD,"NEW YORK STOCK EXCHANGE, INC.","Hotels, Restaurants & Leisure",BB,High,B,Excellent,C,High,687,236,230,747,BBB,High,723254
hi,Hillenbrand Inc,USD,"NEW YORK STOCK EXCHANGE, INC.",Machinery,BBB,Medium,CCC,Medium,B,High,527,364,290,1115,BBB,Medium,946581
hhc,Howard Hughes Corp,USD,"NEW YORK STOCK EXCHANGE, INC.",Real Estate,AA,High,BBB,Medium,BB,High,675,334,325,1104,B,Medium,217346
hubs,HubSpot Inc,USD,"NEW YORK STOCK EXCHANGE, INC.",Technology,B,Excellent,B,Low,C,Low,307,296,370,1267,B,Medium,798354
hesm,Hess Midstream LP,USD,"NEW YORK STOCK EXCHANGE, INC.",Energy ,B,High,BB,Low,B,Low,217,218,350,1127,B,High,1018724
hei,HEICO Corp,USD,"NEW YORK STOCK EXCHANGE, INC.",Aerospace & Defense,B,Excellent,BB,Medium,BBB,Low,270,232,288,1078,B,High,92122
